solver,iteration,matrix_vector_products,objective,dual_lower_bound,certified_gap,dual_feasibility_violation,gradient_mapping_norm,relative_recovery_error
FISTA-restart,1,2,1.1003062363630531,0.3821061277288361,0.718200108634217,0.0,0.16896470333855115,0.9588433808233848
FISTA-restart,10,20,0.9182619292104262,0.6316125665584541,0.28664936265197205,2.7755575615628914e-17,0.04315082975903751,0.550120254734767
FISTA-restart,20,40,0.9004406055057055,0.8802349152131499,0.02020569029255559,0.0,0.002332621879639359,0.29892168891129783
FISTA-restart,30,60,0.9004238477091235,0.8996091893307121,0.000814658378411437,6.938893903907228e-18,8.487615949983582e-05,0.29854300283174035
FISTA-restart,40,80,0.9004238162624135,0.9003729622791659,5.085398324766732e-05,6.938893903907228e-18,5.831500751860767e-06,0.29832826595241374
FISTA-restart,50,100,0.9004238161429214,0.9004199679589692,3.848183952270823e-06,0.0,8.449002374632567e-07,0.2983199169625615
FISTA-restart,60,120,0.9004238161377737,0.9004233289240438,4.872137299161139e-07,6.938893903907228e-18,6.223557494492708e-08,0.29832386283519696
FISTA-restart,70,140,0.900423816137758,0.900423774470942,4.166681599748756e-08,0.0,5.020017454353388e-09,0.2983237363946878
FISTA-restart,80,160,0.900423816137758,0.9004238111046505,5.033107486340782e-09,6.938893903907228e-18,1.062580675568664e-09,0.2983237348987136
FISTA-restart,90,180,0.9004238161377579,0.9004238159003668,2.373911067721224e-10,1.3877787807814457e-17,2.8470339138352777e-11,0.2983237398861909
FISTA-restart,100,200,0.9004238161377578,0.9004238161296899,8.06787969764855e-12,0.0,1.0006977423184746e-12,0.29832373976211163
FISTA-restart,110,220,0.9004238161377579,0.9004238161371211,6.368239269249898e-13,6.938893903907228e-18,1.3428086974015804e-13,0.2983237397579941
FISTA-restart,120,240,0.9004238161377579,0.9004238161376903,6.761258219967203e-14,6.938893903907228e-18,7.948484233681134e-15,0.2983237397586298
FISTA-restart,130,260,0.9004238161377578,0.900423816137754,3.774758283725532e-15,1.3877787807814457e-17,6.291319403071669e-16,0.29832373975860627
FISTA-restart,140,280,0.9004238161377579,0.9004238161377572,6.661338147750939e-16,0.0,7.008983741320432e-18,0.29832373975860743
FISTA-restart,150,300,0.9004238161377579,0.9004238161377554,2.55351295663786e-15,1.3877787807814457e-17,0.0,0.2983237397586082
FISTA-restart,160,320,0.9004238161377579,0.9004238161377554,2.55351295663786e-15,1.3877787807814457e-17,0.0,0.2983237397586082
FISTA-restart,170,340,0.9004238161377579,0.9004238161377554,2.55351295663786e-15,1.3877787807814457e-17,0.0,0.2983237397586082
FISTA-restart,180,360,0.9004238161377579,0.9004238161377554,2.55351295663786e-15,1.3877787807814457e-17,0.0,0.2983237397586082
FISTA-restart,190,380,0.9004238161377579,0.9004238161377554,2.55351295663786e-15,1.3877787807814457e-17,0.0,0.2983237397586082
FISTA-restart,200,400,0.9004238161377579,0.9004238161377554,2.55351295663786e-15,1.3877787807814457e-17,0.0,0.2983237397586082
FISTA-restart,210,420,0.9004238161377579,0.9004238161377554,2.55351295663786e-15,1.3877787807814457e-17,0.0,0.2983237397586082
FISTA-restart,220,440,0.9004238161377579,0.9004238161377554,2.55351295663786e-15,1.3877787807814457e-17,0.0,0.2983237397586082
FISTA-restart,230,460,0.9004238161377579,0.9004238161377554,2.55351295663786e-15,1.3877787807814457e-17,0.0,0.2983237397586082
FISTA-restart,240,480,0.9004238161377579,0.9004238161377554,2.55351295663786e-15,1.3877787807814457e-17,0.0,0.2983237397586082
FISTA-restart,250,500,0.9004238161377579,0.9004238161377554,2.55351295663786e-15,1.3877787807814457e-17,0.0,0.2983237397586082
FISTA-restart,260,520,0.9004238161377579,0.9004238161377554,2.55351295663786e-15,1.3877787807814457e-17,0.0,0.2983237397586082
FISTA-restart,270,540,0.9004238161377579,0.9004238161377554,2.55351295663786e-15,1.3877787807814457e-17,0.0,0.2983237397586082
FISTA-restart,280,560,0.9004238161377579,0.9004238161377554,2.55351295663786e-15,1.3877787807814457e-17,0.0,0.2983237397586082
FISTA-restart,290,580,0.9004238161377579,0.9004238161377554,2.55351295663786e-15,1.3877787807814457e-17,0.0,0.2983237397586082
FISTA-restart,300,600,0.9004238161377579,0.9004238161377554,2.55351295663786e-15,1.3877787807814457e-17,0.0,0.2983237397586082
FISTA-restart,310,620,0.9004238161377579,0.9004238161377554,2.55351295663786e-15,1.3877787807814457e-17,0.0,0.2983237397586082
FISTA-restart,320,640,0.9004238161377579,0.9004238161377554,2.55351295663786e-15,1.3877787807814457e-17,0.0,0.2983237397586082
FISTA-restart,330,660,0.9004238161377579,0.9004238161377554,2.55351295663786e-15,1.3877787807814457e-17,0.0,0.2983237397586082
FISTA-restart,340,680,0.9004238161377579,0.9004238161377554,2.55351295663786e-15,1.3877787807814457e-17,0.0,0.2983237397586082
FISTA-restart,350,700,0.9004238161377579,0.9004238161377554,2.55351295663786e-15,1.3877787807814457e-17,0.0,0.2983237397586082
FISTA-restart,360,720,0.9004238161377579,0.9004238161377554,2.55351295663786e-15,1.3877787807814457e-17,0.0,0.2983237397586082
FISTA-restart,370,740,0.9004238161377579,0.9004238161377554,2.55351295663786e-15,1.3877787807814457e-17,0.0,0.2983237397586082
FISTA-restart,380,760,0.9004238161377579,0.9004238161377554,2.55351295663786e-15,1.3877787807814457e-17,0.0,0.2983237397586082
FISTA-restart,390,780,0.9004238161377579,0.9004238161377554,2.55351295663786e-15,1.3877787807814457e-17,0.0,0.2983237397586082
FISTA-restart,400,800,0.9004238161377579,0.9004238161377554,2.55351295663786e-15,1.3877787807814457e-17,0.0,0.2983237397586082
FISTA-restart,410,820,0.9004238161377579,0.9004238161377554,2.55351295663786e-15,1.3877787807814457e-17,0.0,0.2983237397586082
FISTA-restart,420,840,0.9004238161377579,0.9004238161377554,2.55351295663786e-15,1.3877787807814457e-17,0.0,0.2983237397586082
FISTA-restart,430,860,0.9004238161377579,0.9004238161377554,2.55351295663786e-15,1.3877787807814457e-17,0.0,0.2983237397586082
FISTA-restart,440,880,0.9004238161377579,0.9004238161377554,2.55351295663786e-15,1.3877787807814457e-17,0.0,0.2983237397586082
FISTA-restart,450,900,0.9004238161377579,0.9004238161377554,2.55351295663786e-15,1.3877787807814457e-17,0.0,0.2983237397586082
FISTA-restart,460,920,0.9004238161377579,0.9004238161377554,2.55351295663786e-15,1.3877787807814457e-17,0.0,0.2983237397586082
FISTA-restart,470,940,0.9004238161377579,0.9004238161377554,2.55351295663786e-15,1.3877787807814457e-17,0.0,0.2983237397586082
FISTA-restart,480,960,0.9004238161377579,0.9004238161377554,2.55351295663786e-15,1.3877787807814457e-17,0.0,0.2983237397586082
FISTA-restart,490,980,0.9004238161377579,0.9004238161377554,2.55351295663786e-15,1.3877787807814457e-17,0.0,0.2983237397586082
FISTA-restart,500,1000,0.9004238161377579,0.9004238161377554,2.55351295663786e-15,1.3877787807814457e-17,0.0,0.2983237397586082
FISTA-restart,510,1020,0.9004238161377579,0.9004238161377554,2.55351295663786e-15,1.3877787807814457e-17,0.0,0.2983237397586082
FISTA-restart,520,1040,0.9004238161377579,0.9004238161377554,2.55351295663786e-15,1.3877787807814457e-17,0.0,0.2983237397586082
FISTA-restart,530,1060,0.9004238161377579,0.9004238161377554,2.55351295663786e-15,1.3877787807814457e-17,0.0,0.2983237397586082
FISTA-restart,540,1080,0.9004238161377579,0.9004238161377554,2.55351295663786e-15,1.3877787807814457e-17,0.0,0.2983237397586082
FISTA-restart,550,1100,0.9004238161377579,0.9004238161377554,2.55351295663786e-15,1.3877787807814457e-17,0.0,0.2983237397586082
FISTA-restart,560,1120,0.9004238161377579,0.9004238161377554,2.55351295663786e-15,1.3877787807814457e-17,0.0,0.2983237397586082
FISTA-restart,570,1140,0.9004238161377579,0.9004238161377554,2.55351295663786e-15,1.3877787807814457e-17,0.0,0.2983237397586082
FISTA-restart,580,1160,0.9004238161377579,0.9004238161377554,2.55351295663786e-15,1.3877787807814457e-17,0.0,0.2983237397586082
FISTA-restart,590,1180,0.9004238161377579,0.9004238161377554,2.55351295663786e-15,1.3877787807814457e-17,0.0,0.2983237397586082
FISTA-restart,600,1200,0.9004238161377579,0.9004238161377554,2.55351295663786e-15,1.3877787807814457e-17,0.0,0.2983237397586082
FISTA-restart,610,1220,0.9004238161377579,0.9004238161377554,2.55351295663786e-15,1.3877787807814457e-17,0.0,0.2983237397586082
FISTA-restart,620,1240,0.9004238161377579,0.9004238161377554,2.55351295663786e-15,1.3877787807814457e-17,0.0,0.2983237397586082
FISTA-restart,630,1260,0.9004238161377579,0.9004238161377554,2.55351295663786e-15,1.3877787807814457e-17,0.0,0.2983237397586082
FISTA-restart,640,1280,0.9004238161377579,0.9004238161377554,2.55351295663786e-15,1.3877787807814457e-17,0.0,0.2983237397586082
FISTA-restart,650,1300,0.9004238161377579,0.9004238161377554,2.55351295663786e-15,1.3877787807814457e-17,0.0,0.2983237397586082
FISTA-restart,660,1320,0.9004238161377579,0.9004238161377554,2.55351295663786e-15,1.3877787807814457e-17,0.0,0.2983237397586082
FISTA-restart,670,1340,0.9004238161377579,0.9004238161377554,2.55351295663786e-15,1.3877787807814457e-17,0.0,0.2983237397586082
FISTA-restart,680,1360,0.9004238161377579,0.9004238161377554,2.55351295663786e-15,1.3877787807814457e-17,0.0,0.2983237397586082
FISTA-restart,690,1380,0.9004238161377579,0.9004238161377554,2.55351295663786e-15,1.3877787807814457e-17,0.0,0.2983237397586082
FISTA-restart,700,1400,0.9004238161377579,0.9004238161377554,2.55351295663786e-15,1.3877787807814457e-17,0.0,0.2983237397586082
FISTA-restart,710,1420,0.9004238161377579,0.9004238161377554,2.55351295663786e-15,1.3877787807814457e-17,0.0,0.2983237397586082
FISTA-restart,720,1440,0.9004238161377579,0.9004238161377554,2.55351295663786e-15,1.3877787807814457e-17,0.0,0.2983237397586082
FISTA-restart,730,1460,0.9004238161377579,0.9004238161377554,2.55351295663786e-15,1.3877787807814457e-17,0.0,0.2983237397586082
FISTA-restart,740,1480,0.9004238161377579,0.9004238161377554,2.55351295663786e-15,1.3877787807814457e-17,0.0,0.2983237397586082
FISTA-restart,750,1500,0.9004238161377579,0.9004238161377554,2.55351295663786e-15,1.3877787807814457e-17,0.0,0.2983237397586082
FISTA-restart,760,1520,0.9004238161377579,0.9004238161377554,2.55351295663786e-15,1.3877787807814457e-17,0.0,0.2983237397586082
FISTA-restart,770,1540,0.9004238161377579,0.9004238161377554,2.55351295663786e-15,1.3877787807814457e-17,0.0,0.2983237397586082
FISTA-restart,780,1560,0.9004238161377579,0.9004238161377554,2.55351295663786e-15,1.3877787807814457e-17,0.0,0.2983237397586082
FISTA-restart,790,1580,0.9004238161377579,0.9004238161377554,2.55351295663786e-15,1.3877787807814457e-17,0.0,0.2983237397586082
FISTA-restart,800,1600,0.9004238161377579,0.9004238161377554,2.55351295663786e-15,1.3877787807814457e-17,0.0,0.2983237397586082
FISTA-restart,810,1620,0.9004238161377579,0.9004238161377554,2.55351295663786e-15,1.3877787807814457e-17,0.0,0.2983237397586082
FISTA-restart,820,1640,0.9004238161377579,0.9004238161377554,2.55351295663786e-15,1.3877787807814457e-17,0.0,0.2983237397586082
FISTA-restart,830,1660,0.9004238161377579,0.9004238161377554,2.55351295663786e-15,1.3877787807814457e-17,0.0,0.2983237397586082
FISTA-restart,840,1680,0.9004238161377579,0.9004238161377554,2.55351295663786e-15,1.3877787807814457e-17,0.0,0.2983237397586082
FISTA-restart,850,1700,0.9004238161377579,0.9004238161377554,2.55351295663786e-15,1.3877787807814457e-17,0.0,0.2983237397586082
FISTA-restart,860,1720,0.9004238161377579,0.9004238161377554,2.55351295663786e-15,1.3877787807814457e-17,0.0,0.2983237397586082
FISTA-restart,870,1740,0.9004238161377579,0.9004238161377554,2.55351295663786e-15,1.3877787807814457e-17,0.0,0.2983237397586082
FISTA-restart,880,1760,0.9004238161377579,0.9004238161377554,2.55351295663786e-15,1.3877787807814457e-17,0.0,0.2983237397586082
FISTA-restart,890,1780,0.9004238161377579,0.9004238161377554,2.55351295663786e-15,1.3877787807814457e-17,0.0,0.2983237397586082
FISTA-restart,900,1800,0.9004238161377579,0.9004238161377554,2.55351295663786e-15,1.3877787807814457e-17,0.0,0.2983237397586082
FISTA-restart,910,1820,0.9004238161377579,0.9004238161377554,2.55351295663786e-15,1.3877787807814457e-17,0.0,0.2983237397586082
FISTA-restart,920,1840,0.9004238161377579,0.9004238161377554,2.55351295663786e-15,1.3877787807814457e-17,0.0,0.2983237397586082
FISTA-restart,930,1860,0.9004238161377579,0.9004238161377554,2.55351295663786e-15,1.3877787807814457e-17,0.0,0.2983237397586082
FISTA-restart,940,1880,0.9004238161377579,0.9004238161377554,2.55351295663786e-15,1.3877787807814457e-17,0.0,0.2983237397586082
FISTA-restart,950,1900,0.9004238161377579,0.9004238161377554,2.55351295663786e-15,1.3877787807814457e-17,0.0,0.2983237397586082
FISTA-restart,960,1920,0.9004238161377579,0.9004238161377554,2.55351295663786e-15,1.3877787807814457e-17,0.0,0.2983237397586082
FISTA-restart,970,1940,0.9004238161377579,0.9004238161377554,2.55351295663786e-15,1.3877787807814457e-17,0.0,0.2983237397586082
FISTA-restart,980,1960,0.9004238161377579,0.9004238161377554,2.55351295663786e-15,1.3877787807814457e-17,0.0,0.2983237397586082
FISTA-restart,990,1980,0.9004238161377579,0.9004238161377554,2.55351295663786e-15,1.3877787807814457e-17,0.0,0.2983237397586082
FISTA-restart,1000,2000,0.9004238161377579,0.9004238161377554,2.55351295663786e-15,1.3877787807814457e-17,0.0,0.2983237397586082
FISTA-restart,1010,2020,0.9004238161377579,0.9004238161377554,2.55351295663786e-15,1.3877787807814457e-17,0.0,0.2983237397586082
FISTA-restart,1020,2040,0.9004238161377579,0.9004238161377554,2.55351295663786e-15,1.3877787807814457e-17,0.0,0.2983237397586082
FISTA-restart,1030,2060,0.9004238161377579,0.9004238161377554,2.55351295663786e-15,1.3877787807814457e-17,0.0,0.2983237397586082
FISTA-restart,1040,2080,0.9004238161377579,0.9004238161377554,2.55351295663786e-15,1.3877787807814457e-17,0.0,0.2983237397586082
FISTA-restart,1050,2100,0.9004238161377579,0.9004238161377554,2.55351295663786e-15,1.3877787807814457e-17,0.0,0.2983237397586082
FISTA-restart,1060,2120,0.9004238161377579,0.9004238161377554,2.55351295663786e-15,1.3877787807814457e-17,0.0,0.2983237397586082
FISTA-restart,1070,2140,0.9004238161377579,0.9004238161377554,2.55351295663786e-15,1.3877787807814457e-17,0.0,0.2983237397586082
FISTA-restart,1080,2160,0.9004238161377579,0.9004238161377554,2.55351295663786e-15,1.3877787807814457e-17,0.0,0.2983237397586082
FISTA-restart,1090,2180,0.9004238161377579,0.9004238161377554,2.55351295663786e-15,1.3877787807814457e-17,0.0,0.2983237397586082
FISTA-restart,1100,2200,0.9004238161377579,0.9004238161377554,2.55351295663786e-15,1.3877787807814457e-17,0.0,0.2983237397586082
FISTA-restart,1110,2220,0.9004238161377579,0.9004238161377554,2.55351295663786e-15,1.3877787807814457e-17,0.0,0.2983237397586082
FISTA-restart,1120,2240,0.9004238161377579,0.9004238161377554,2.55351295663786e-15,1.3877787807814457e-17,0.0,0.2983237397586082
FISTA-restart,1130,2260,0.9004238161377579,0.9004238161377554,2.55351295663786e-15,1.3877787807814457e-17,0.0,0.2983237397586082
FISTA-restart,1140,2280,0.9004238161377579,0.9004238161377554,2.55351295663786e-15,1.3877787807814457e-17,0.0,0.2983237397586082
FISTA-restart,1150,2300,0.9004238161377579,0.9004238161377554,2.55351295663786e-15,1.3877787807814457e-17,0.0,0.2983237397586082
FISTA-restart,1160,2320,0.9004238161377579,0.9004238161377554,2.55351295663786e-15,1.3877787807814457e-17,0.0,0.2983237397586082
FISTA-restart,1170,2340,0.9004238161377579,0.9004238161377554,2.55351295663786e-15,1.3877787807814457e-17,0.0,0.2983237397586082
FISTA-restart,1180,2360,0.9004238161377579,0.9004238161377554,2.55351295663786e-15,1.3877787807814457e-17,0.0,0.2983237397586082
FISTA-restart,1190,2380,0.9004238161377579,0.9004238161377554,2.55351295663786e-15,1.3877787807814457e-17,0.0,0.2983237397586082
FISTA-restart,1200,2400,0.9004238161377579,0.9004238161377554,2.55351295663786e-15,1.3877787807814457e-17,0.0,0.2983237397586082
FISTA-restart,1210,2420,0.9004238161377579,0.9004238161377554,2.55351295663786e-15,1.3877787807814457e-17,0.0,0.2983237397586082
FISTA-restart,1220,2440,0.9004238161377579,0.9004238161377554,2.55351295663786e-15,1.3877787807814457e-17,0.0,0.2983237397586082
FISTA-restart,1230,2460,0.9004238161377579,0.9004238161377554,2.55351295663786e-15,1.3877787807814457e-17,0.0,0.2983237397586082
FISTA-restart,1240,2480,0.9004238161377579,0.9004238161377554,2.55351295663786e-15,1.3877787807814457e-17,0.0,0.2983237397586082
FISTA-restart,1250,2500,0.9004238161377579,0.9004238161377554,2.55351295663786e-15,1.3877787807814457e-17,0.0,0.2983237397586082
FISTA-restart,1260,2520,0.9004238161377579,0.9004238161377554,2.55351295663786e-15,1.3877787807814457e-17,0.0,0.2983237397586082
FISTA-restart,1270,2540,0.9004238161377579,0.9004238161377554,2.55351295663786e-15,1.3877787807814457e-17,0.0,0.2983237397586082
FISTA-restart,1280,2560,0.9004238161377579,0.9004238161377554,2.55351295663786e-15,1.3877787807814457e-17,0.0,0.2983237397586082
FISTA-restart,1290,2580,0.9004238161377579,0.9004238161377554,2.55351295663786e-15,1.3877787807814457e-17,0.0,0.2983237397586082
FISTA-restart,1300,2600,0.9004238161377579,0.9004238161377554,2.55351295663786e-15,1.3877787807814457e-17,0.0,0.2983237397586082
FISTA-restart,1310,2620,0.9004238161377579,0.9004238161377554,2.55351295663786e-15,1.3877787807814457e-17,0.0,0.2983237397586082
FISTA-restart,1320,2640,0.9004238161377579,0.9004238161377554,2.55351295663786e-15,1.3877787807814457e-17,0.0,0.2983237397586082
FISTA-restart,1330,2660,0.9004238161377579,0.9004238161377554,2.55351295663786e-15,1.3877787807814457e-17,0.0,0.2983237397586082
FISTA-restart,1340,2680,0.9004238161377579,0.9004238161377554,2.55351295663786e-15,1.3877787807814457e-17,0.0,0.2983237397586082
FISTA-restart,1350,2700,0.9004238161377579,0.9004238161377554,2.55351295663786e-15,1.3877787807814457e-17,0.0,0.2983237397586082
FISTA-restart,1360,2720,0.9004238161377579,0.9004238161377554,2.55351295663786e-15,1.3877787807814457e-17,0.0,0.2983237397586082
FISTA-restart,1370,2740,0.9004238161377579,0.9004238161377554,2.55351295663786e-15,1.3877787807814457e-17,0.0,0.2983237397586082
FISTA-restart,1380,2760,0.9004238161377579,0.9004238161377554,2.55351295663786e-15,1.3877787807814457e-17,0.0,0.2983237397586082
FISTA-restart,1390,2780,0.9004238161377579,0.9004238161377554,2.55351295663786e-15,1.3877787807814457e-17,0.0,0.2983237397586082
FISTA-restart,1400,2800,0.9004238161377579,0.9004238161377554,2.55351295663786e-15,1.3877787807814457e-17,0.0,0.2983237397586082
FISTA-restart,1410,2820,0.9004238161377579,0.9004238161377554,2.55351295663786e-15,1.3877787807814457e-17,0.0,0.2983237397586082
FISTA-restart,1420,2840,0.9004238161377579,0.9004238161377554,2.55351295663786e-15,1.3877787807814457e-17,0.0,0.2983237397586082
FISTA-restart,1430,2860,0.9004238161377579,0.9004238161377554,2.55351295663786e-15,1.3877787807814457e-17,0.0,0.2983237397586082
FISTA-restart,1440,2880,0.9004238161377579,0.9004238161377554,2.55351295663786e-15,1.3877787807814457e-17,0.0,0.2983237397586082
FISTA-restart,1450,2900,0.9004238161377579,0.9004238161377554,2.55351295663786e-15,1.3877787807814457e-17,0.0,0.2983237397586082
FISTA-restart,1460,2920,0.9004238161377579,0.9004238161377554,2.55351295663786e-15,1.3877787807814457e-17,0.0,0.2983237397586082
FISTA-restart,1470,2940,0.9004238161377579,0.9004238161377554,2.55351295663786e-15,1.3877787807814457e-17,0.0,0.2983237397586082
FISTA-restart,1480,2960,0.9004238161377579,0.9004238161377554,2.55351295663786e-15,1.3877787807814457e-17,0.0,0.2983237397586082
FISTA-restart,1490,2980,0.9004238161377579,0.9004238161377554,2.55351295663786e-15,1.3877787807814457e-17,0.0,0.2983237397586082
FISTA-restart,1500,3000,0.9004238161377579,0.9004238161377554,2.55351295663786e-15,1.3877787807814457e-17,0.0,0.2983237397586082
FISTA-restart,1510,3020,0.9004238161377579,0.9004238161377554,2.55351295663786e-15,1.3877787807814457e-17,0.0,0.2983237397586082
FISTA-restart,1520,3040,0.9004238161377579,0.9004238161377554,2.55351295663786e-15,1.3877787807814457e-17,0.0,0.2983237397586082
FISTA-restart,1530,3060,0.9004238161377579,0.9004238161377554,2.55351295663786e-15,1.3877787807814457e-17,0.0,0.2983237397586082
FISTA-restart,1540,3080,0.9004238161377579,0.9004238161377554,2.55351295663786e-15,1.3877787807814457e-17,0.0,0.2983237397586082
FISTA-restart,1550,3100,0.9004238161377579,0.9004238161377554,2.55351295663786e-15,1.3877787807814457e-17,0.0,0.2983237397586082
FISTA-restart,1560,3120,0.9004238161377579,0.9004238161377554,2.55351295663786e-15,1.3877787807814457e-17,0.0,0.2983237397586082
FISTA-restart,1570,3140,0.9004238161377579,0.9004238161377554,2.55351295663786e-15,1.3877787807814457e-17,0.0,0.2983237397586082
FISTA-restart,1580,3160,0.9004238161377579,0.9004238161377554,2.55351295663786e-15,1.3877787807814457e-17,0.0,0.2983237397586082
FISTA-restart,1590,3180,0.9004238161377579,0.9004238161377554,2.55351295663786e-15,1.3877787807814457e-17,0.0,0.2983237397586082
FISTA-restart,1600,3200,0.9004238161377579,0.9004238161377554,2.55351295663786e-15,1.3877787807814457e-17,0.0,0.2983237397586082
FISTA-restart,1610,3220,0.9004238161377579,0.9004238161377554,2.55351295663786e-15,1.3877787807814457e-17,0.0,0.2983237397586082
FISTA-restart,1620,3240,0.9004238161377579,0.9004238161377554,2.55351295663786e-15,1.3877787807814457e-17,0.0,0.2983237397586082
FISTA-restart,1630,3260,0.9004238161377579,0.9004238161377554,2.55351295663786e-15,1.3877787807814457e-17,0.0,0.2983237397586082
FISTA-restart,1640,3280,0.9004238161377579,0.9004238161377554,2.55351295663786e-15,1.3877787807814457e-17,0.0,0.2983237397586082
FISTA-restart,1650,3300,0.9004238161377579,0.9004238161377554,2.55351295663786e-15,1.3877787807814457e-17,0.0,0.2983237397586082
FISTA-restart,1660,3320,0.9004238161377579,0.9004238161377554,2.55351295663786e-15,1.3877787807814457e-17,0.0,0.2983237397586082
FISTA-restart,1670,3340,0.9004238161377579,0.9004238161377554,2.55351295663786e-15,1.3877787807814457e-17,0.0,0.2983237397586082
FISTA-restart,1680,3360,0.9004238161377579,0.9004238161377554,2.55351295663786e-15,1.3877787807814457e-17,0.0,0.2983237397586082
FISTA-restart,1690,3380,0.9004238161377579,0.9004238161377554,2.55351295663786e-15,1.3877787807814457e-17,0.0,0.2983237397586082
FISTA-restart,1700,3400,0.9004238161377579,0.9004238161377554,2.55351295663786e-15,1.3877787807814457e-17,0.0,0.2983237397586082
FISTA-restart,1710,3420,0.9004238161377579,0.9004238161377554,2.55351295663786e-15,1.3877787807814457e-17,0.0,0.2983237397586082
FISTA-restart,1720,3440,0.9004238161377579,0.9004238161377554,2.55351295663786e-15,1.3877787807814457e-17,0.0,0.2983237397586082
FISTA-restart,1730,3460,0.9004238161377579,0.9004238161377554,2.55351295663786e-15,1.3877787807814457e-17,0.0,0.2983237397586082
FISTA-restart,1740,3480,0.9004238161377579,0.9004238161377554,2.55351295663786e-15,1.3877787807814457e-17,0.0,0.2983237397586082
FISTA-restart,1750,3500,0.9004238161377579,0.9004238161377554,2.55351295663786e-15,1.3877787807814457e-17,0.0,0.2983237397586082
FISTA-restart,1760,3520,0.9004238161377579,0.9004238161377554,2.55351295663786e-15,1.3877787807814457e-17,0.0,0.2983237397586082
FISTA-restart,1770,3540,0.9004238161377579,0.9004238161377554,2.55351295663786e-15,1.3877787807814457e-17,0.0,0.2983237397586082
FISTA-restart,1780,3560,0.9004238161377579,0.9004238161377554,2.55351295663786e-15,1.3877787807814457e-17,0.0,0.2983237397586082
FISTA-restart,1790,3580,0.9004238161377579,0.9004238161377554,2.55351295663786e-15,1.3877787807814457e-17,0.0,0.2983237397586082
FISTA-restart,1800,3600,0.9004238161377579,0.9004238161377554,2.55351295663786e-15,1.3877787807814457e-17,0.0,0.2983237397586082
PDHG-referensi,1,2,1.1052692859539905,0.39455143102359636,0.7107178549303942,0.0,,0.9649933103742828
PDHG-referensi,10,20,0.9520550309737441,0.5978325398541012,0.3542224911196429,0.0,,0.7110348606594049
PDHG-referensi,20,40,0.9183127517707379,0.7160953177562914,0.20221743401444647,1.3877787807814457e-17,,0.5565663371237083
PDHG-referensi,30,60,0.9074138794550224,0.7321207180053959,0.17529316144962648,6.938893903907228e-18,,0.4504879887822321
PDHG-referensi,40,80,0.9027262417446527,0.7814192084743974,0.12130703327025527,0.0,,0.3816240896379131
PDHG-referensi,50,100,0.9010389212828334,0.8309679609653073,0.07007096031752602,6.938893903907228e-18,,0.34048181412271705
PDHG-referensi,60,120,0.900577182994313,0.8661060256267658,0.034471157367547245,0.0,,0.3192677910225355
PDHG-referensi,70,140,0.9004620707326632,0.8830974363348529,0.01736463439781022,0.0,,0.3087529409031261
PDHG-referensi,80,160,0.9004333588775472,0.8917033117575612,0.008730047119985929,6.938893903907228e-18,,0.30352452904032984
PDHG-referensi,90,180,0.9004261966438769,0.8960496741366064,0.004376522507270497,6.938893903907228e-18,,0.3009192584229678
PDHG-referensi,100,200,0.9004244099740975,0.8982341853351798,0.002190224638917604,0.0,,0.2996195796961458
PDHG-referensi,110,220,0.9004239642750733,0.8993289052265176,0.0010950590485556688,6.938893903907228e-18,,0.2989708302322216
PDHG-referensi,120,240,0.9004238530918225,0.8998766237691549,0.0005472293226675973,0.0,,0.29864690276957634
PDHG-referensi,130,260,0.9004238253562515,0.9001504319568151,0.00027339339943643903,6.938893903907228e-18,,0.29848513829696033
PDHG-referensi,140,280,0.9004238184373866,0.9002872506743949,0.0001365677629917572,6.938893903907228e-18,,0.29840434960671064
PDHG-referensi,150,300,0.9004238167114191,0.9003556019581253,6.82147532938826e-05,6.938893903907228e-18,,0.2983640005062444
PDHG-referensi,160,320,0.9004238162808624,0.9003897446390343,3.407164182811506e-05,6.938893903907228e-18,,0.2983438481883748
PDHG-referensi,170,340,0.9004238161734566,0.9004067985080223,1.70176654342713e-05,6.938893903907228e-18,,0.2983337830431395
PDHG-referensi,180,360,0.9004238161466631,0.9004153164598332,8.499686829921416e-06,0.0,,0.2983287559490057
PDHG-referensi,190,380,0.9004238161399793,0.9004195708842833,4.245255696089245e-06,6.938893903907228e-18,,0.29832624513266004
PDHG-referensi,200,400,0.900423816138312,0.9004216958068187,2.120331493271621e-06,0.0,,0.29832499108699057
PDHG-referensi,210,420,0.9004238161378961,0.9004227571203376,1.0590175585356576e-06,6.938893903907228e-18,,0.2983243647443271
PDHG-referensi,220,440,0.9004238161377924,0.9004232872028005,5.289349919168629e-07,0.0,,0.29832405191262734
PDHG-referensi,230,460,0.9004238161377666,0.9004235519569328,2.641808337644491e-07,0.0,,0.2983238956663882
PDHG-referensi,240,480,0.9004238161377602,0.9004236841905393,1.3194722092713107e-07,2.0816681711721685e-17,,0.2983238176279769
PDHG-referensi,250,500,0.9004238161377585,0.9004237502356731,6.590208534440478e-08,1.3877787807814457e-17,,0.2983237786510782
PDHG-referensi,260,520,0.900423816137758,0.9004237832224409,3.2915317138559885e-08,0.0,,0.2983237591837588
PDHG-referensi,270,540,0.900423816137758,0.900423799697943,1.6439815064828167e-08,6.938893903907228e-18,,0.2983237494606527
PDHG-referensi,280,560,0.900423816137758,0.9004238079267621,8.21099588321772e-09,0.0,,0.29832374460437083
PDHG-referensi,290,580,0.9004238161377578,0.9004238120367117,4.1010460583024155e-09,0.0,,0.2983237421788624
PDHG-referensi,300,600,0.9004238161377579,0.9004238140894579,2.0482999740778496e-09,6.938893903907228e-18,,0.2983237409674231
PDHG-referensi,310,620,0.900423816137758,0.9004238151147183,1.0230397640142996e-09,0.0,,0.2983237403623602
PDHG-referensi,320,640,0.9004238161377579,0.9004238156267929,5.109650480505934e-10,0.0,,0.2983237400601568
PDHG-referensi,330,660,0.900423816137758,0.9004238158825527,2.552053013360478e-10,0.0,,0.29832373990921895
PDHG-referensi,340,680,0.9004238161377579,0.9004238160102941,1.2746381727879452e-10,6.938893903907228e-18,,0.2983237398338318
PDHG-referensi,350,700,0.900423816137758,0.9004238160740949,6.36630748118705e-11,1.3877787807814457e-17,,0.2983237397961791
PDHG-referensi,360,720,0.9004238161377579,0.9004238161059612,3.179667640296202e-11,0.0,,0.2983237397773732
PDHG-referensi,370,740,0.9004238161377579,0.9004238161218768,1.588107423344809e-11,6.938893903907228e-18,,0.29832373976798043
PDHG-referensi,380,760,0.900423816137758,0.9004238161298265,7.931544310224581e-12,1.3877787807814457e-17,,0.29832373976328913
PDHG-referensi,390,780,0.9004238161377579,0.9004238161337967,3.961164729560096e-12,2.0816681711721685e-17,,0.2983237397609461
PDHG-referensi,400,800,0.9004238161377578,0.9004238161357794,1.978417429882029e-12,0.0,,0.2983237397597758
PDHG-referensi,410,820,0.9004238161377579,0.9004238161367699,9.879874696139268e-13,6.938893903907228e-18,,0.29832373975919124
PDHG-referensi,420,840,0.9004238161377579,0.9004238161372644,4.934941344458821e-13,0.0,,0.29832373975889936
PDHG-referensi,430,860,0.900423816137758,0.9004238161375114,2.4658053376924727e-13,0.0,,0.2983237397587535
PDHG-referensi,440,880,0.9004238161377579,0.9004238161376352,1.226796442210798e-13,1.3877787807814457e-17,,0.29832373975868065
PDHG-referensi,450,900,0.9004238161377579,0.9004238161376963,6.161737786669619e-14,0.0,,0.2983237397586443
PDHG-referensi,460,920,0.9004238161377578,0.9004238161377276,3.019806626980426e-14,6.938893903907228e-18,,0.2983237397586261
PDHG-referensi,470,940,0.900423816137758,0.900423816137743,1.4988010832439613e-14,6.938893903907228e-18,,0.29832373975861703
PDHG-referensi,480,960,0.900423816137758,0.9004238161377507,7.327471962526033e-15,1.3877787807814457e-17,,0.29832373975861254
PDHG-referensi,490,980,0.9004238161377579,0.9004238161377529,4.9960036108132044e-15,2.0816681711721685e-17,,0.2983237397586104
PDHG-referensi,500,1000,0.900423816137758,0.9004238161377557,2.3314683517128287e-15,0.0,,0.2983237397586092
PDHG-referensi,510,1020,0.900423816137758,0.9004238161377555,2.55351295663786e-15,0.0,,0.29832373975860865
PDHG-referensi,520,1040,0.900423816137758,0.9004238161377551,2.886579864025407e-15,1.3877787807814457e-17,,0.29832373975860865
PDHG-referensi,530,1060,0.900423816137758,0.9004238161377551,2.886579864025407e-15,1.3877787807814457e-17,,0.29832373975860865
PDHG-referensi,540,1080,0.900423816137758,0.9004238161377551,2.886579864025407e-15,1.3877787807814457e-17,,0.29832373975860865
PDHG-referensi,550,1100,0.900423816137758,0.9004238161377554,2.6645352591003757e-15,6.938893903907228e-18,,0.29832373975860865
PDHG-referensi,560,1120,0.900423816137758,0.9004238161377551,2.886579864025407e-15,1.3877787807814457e-17,,0.29832373975860865
PDHG-referensi,570,1140,0.900423816137758,0.9004238161377551,2.886579864025407e-15,1.3877787807814457e-17,,0.29832373975860865
PDHG-referensi,580,1160,0.900423816137758,0.9004238161377551,2.886579864025407e-15,1.3877787807814457e-17,,0.29832373975860865
PDHG-referensi,590,1180,0.900423816137758,0.9004238161377554,2.6645352591003757e-15,6.938893903907228e-18,,0.29832373975860865
PDHG-referensi,600,1200,0.900423816137758,0.9004238161377551,2.886579864025407e-15,1.3877787807814457e-17,,0.29832373975860865
PDHG-referensi,610,1220,0.900423816137758,0.9004238161377551,2.886579864025407e-15,1.3877787807814457e-17,,0.29832373975860865
PDHG-referensi,620,1240,0.900423816137758,0.9004238161377551,2.886579864025407e-15,1.3877787807814457e-17,,0.29832373975860865
PDHG-referensi,630,1260,0.900423816137758,0.9004238161377554,2.6645352591003757e-15,6.938893903907228e-18,,0.29832373975860865
PDHG-referensi,640,1280,0.900423816137758,0.9004238161377551,2.886579864025407e-15,1.3877787807814457e-17,,0.29832373975860865
PDHG-referensi,650,1300,0.900423816137758,0.9004238161377551,2.886579864025407e-15,1.3877787807814457e-17,,0.29832373975860865
PDHG-referensi,660,1320,0.900423816137758,0.9004238161377551,2.886579864025407e-15,1.3877787807814457e-17,,0.29832373975860865
PDHG-referensi,670,1340,0.900423816137758,0.9004238161377554,2.6645352591003757e-15,6.938893903907228e-18,,0.29832373975860865
PDHG-referensi,680,1360,0.900423816137758,0.9004238161377551,2.886579864025407e-15,1.3877787807814457e-17,,0.29832373975860865
PDHG-referensi,690,1380,0.900423816137758,0.9004238161377551,2.886579864025407e-15,1.3877787807814457e-17,,0.29832373975860865
PDHG-referensi,700,1400,0.900423816137758,0.9004238161377551,2.886579864025407e-15,1.3877787807814457e-17,,0.29832373975860865
PDHG-referensi,710,1420,0.900423816137758,0.9004238161377554,2.6645352591003757e-15,6.938893903907228e-18,,0.29832373975860865
PDHG-referensi,720,1440,0.900423816137758,0.9004238161377551,2.886579864025407e-15,1.3877787807814457e-17,,0.29832373975860865
PDHG-referensi,730,1460,0.900423816137758,0.9004238161377551,2.886579864025407e-15,1.3877787807814457e-17,,0.29832373975860865
PDHG-referensi,740,1480,0.900423816137758,0.9004238161377551,2.886579864025407e-15,1.3877787807814457e-17,,0.29832373975860865
PDHG-referensi,750,1500,0.900423816137758,0.9004238161377554,2.6645352591003757e-15,6.938893903907228e-18,,0.29832373975860865
PDHG-referensi,760,1520,0.900423816137758,0.9004238161377551,2.886579864025407e-15,1.3877787807814457e-17,,0.29832373975860865
PDHG-referensi,770,1540,0.900423816137758,0.9004238161377551,2.886579864025407e-15,1.3877787807814457e-17,,0.29832373975860865
PDHG-referensi,780,1560,0.900423816137758,0.9004238161377551,2.886579864025407e-15,1.3877787807814457e-17,,0.29832373975860865
PDHG-referensi,790,1580,0.900423816137758,0.9004238161377554,2.6645352591003757e-15,6.938893903907228e-18,,0.29832373975860865
PDHG-referensi,800,1600,0.900423816137758,0.9004238161377551,2.886579864025407e-15,1.3877787807814457e-17,,0.29832373975860865
PDHG-referensi,810,1620,0.900423816137758,0.9004238161377551,2.886579864025407e-15,1.3877787807814457e-17,,0.29832373975860865
PDHG-referensi,820,1640,0.900423816137758,0.9004238161377551,2.886579864025407e-15,1.3877787807814457e-17,,0.29832373975860865
PDHG-referensi,830,1660,0.900423816137758,0.9004238161377554,2.6645352591003757e-15,6.938893903907228e-18,,0.29832373975860865
PDHG-referensi,840,1680,0.900423816137758,0.9004238161377551,2.886579864025407e-15,1.3877787807814457e-17,,0.29832373975860865
PDHG-referensi,850,1700,0.900423816137758,0.9004238161377551,2.886579864025407e-15,1.3877787807814457e-17,,0.29832373975860865
PDHG-referensi,860,1720,0.900423816137758,0.9004238161377551,2.886579864025407e-15,1.3877787807814457e-17,,0.29832373975860865
PDHG-referensi,870,1740,0.900423816137758,0.9004238161377554,2.6645352591003757e-15,6.938893903907228e-18,,0.29832373975860865
PDHG-referensi,880,1760,0.900423816137758,0.9004238161377551,2.886579864025407e-15,1.3877787807814457e-17,,0.29832373975860865
PDHG-referensi,890,1780,0.900423816137758,0.9004238161377551,2.886579864025407e-15,1.3877787807814457e-17,,0.29832373975860865
PDHG-referensi,900,1800,0.900423816137758,0.9004238161377551,2.886579864025407e-15,1.3877787807814457e-17,,0.29832373975860865
PDHG-referensi,910,1820,0.900423816137758,0.9004238161377554,2.6645352591003757e-15,6.938893903907228e-18,,0.29832373975860865
PDHG-referensi,920,1840,0.900423816137758,0.9004238161377551,2.886579864025407e-15,1.3877787807814457e-17,,0.29832373975860865
PDHG-referensi,930,1860,0.900423816137758,0.9004238161377551,2.886579864025407e-15,1.3877787807814457e-17,,0.29832373975860865
PDHG-referensi,940,1880,0.900423816137758,0.9004238161377551,2.886579864025407e-15,1.3877787807814457e-17,,0.29832373975860865
PDHG-referensi,950,1900,0.900423816137758,0.9004238161377554,2.6645352591003757e-15,6.938893903907228e-18,,0.29832373975860865
PDHG-referensi,960,1920,0.900423816137758,0.9004238161377551,2.886579864025407e-15,1.3877787807814457e-17,,0.29832373975860865
PDHG-referensi,970,1940,0.900423816137758,0.9004238161377551,2.886579864025407e-15,1.3877787807814457e-17,,0.29832373975860865
PDHG-referensi,980,1960,0.900423816137758,0.9004238161377551,2.886579864025407e-15,1.3877787807814457e-17,,0.29832373975860865
PDHG-referensi,990,1980,0.900423816137758,0.9004238161377554,2.6645352591003757e-15,6.938893903907228e-18,,0.29832373975860865
PDHG-referensi,1000,2000,0.900423816137758,0.9004238161377551,2.886579864025407e-15,1.3877787807814457e-17,,0.29832373975860865
PDHG-referensi,1010,2020,0.900423816137758,0.9004238161377551,2.886579864025407e-15,1.3877787807814457e-17,,0.29832373975860865
PDHG-referensi,1020,2040,0.900423816137758,0.9004238161377551,2.886579864025407e-15,1.3877787807814457e-17,,0.29832373975860865
PDHG-referensi,1030,2060,0.900423816137758,0.9004238161377554,2.6645352591003757e-15,6.938893903907228e-18,,0.29832373975860865
PDHG-referensi,1040,2080,0.900423816137758,0.9004238161377551,2.886579864025407e-15,1.3877787807814457e-17,,0.29832373975860865
PDHG-referensi,1050,2100,0.900423816137758,0.9004238161377551,2.886579864025407e-15,1.3877787807814457e-17,,0.29832373975860865
PDHG-referensi,1060,2120,0.900423816137758,0.9004238161377551,2.886579864025407e-15,1.3877787807814457e-17,,0.29832373975860865
PDHG-referensi,1070,2140,0.900423816137758,0.9004238161377554,2.6645352591003757e-15,6.938893903907228e-18,,0.29832373975860865
PDHG-referensi,1080,2160,0.900423816137758,0.9004238161377551,2.886579864025407e-15,1.3877787807814457e-17,,0.29832373975860865
PDHG-referensi,1090,2180,0.900423816137758,0.9004238161377551,2.886579864025407e-15,1.3877787807814457e-17,,0.29832373975860865
PDHG-referensi,1100,2200,0.900423816137758,0.9004238161377551,2.886579864025407e-15,1.3877787807814457e-17,,0.29832373975860865
PDHG-referensi,1110,2220,0.900423816137758,0.9004238161377554,2.6645352591003757e-15,6.938893903907228e-18,,0.29832373975860865
PDHG-referensi,1120,2240,0.900423816137758,0.9004238161377551,2.886579864025407e-15,1.3877787807814457e-17,,0.29832373975860865
PDHG-referensi,1130,2260,0.900423816137758,0.9004238161377551,2.886579864025407e-15,1.3877787807814457e-17,,0.29832373975860865
PDHG-referensi,1140,2280,0.900423816137758,0.9004238161377551,2.886579864025407e-15,1.3877787807814457e-17,,0.29832373975860865
PDHG-referensi,1150,2300,0.900423816137758,0.9004238161377554,2.6645352591003757e-15,6.938893903907228e-18,,0.29832373975860865
PDHG-referensi,1160,2320,0.900423816137758,0.9004238161377551,2.886579864025407e-15,1.3877787807814457e-17,,0.29832373975860865
PDHG-referensi,1170,2340,0.900423816137758,0.9004238161377551,2.886579864025407e-15,1.3877787807814457e-17,,0.29832373975860865
PDHG-referensi,1180,2360,0.900423816137758,0.9004238161377551,2.886579864025407e-15,1.3877787807814457e-17,,0.29832373975860865
PDHG-referensi,1190,2380,0.900423816137758,0.9004238161377554,2.6645352591003757e-15,6.938893903907228e-18,,0.29832373975860865
PDHG-referensi,1200,2400,0.900423816137758,0.9004238161377551,2.886579864025407e-15,1.3877787807814457e-17,,0.29832373975860865
PDHG-referensi,1210,2420,0.900423816137758,0.9004238161377551,2.886579864025407e-15,1.3877787807814457e-17,,0.29832373975860865
PDHG-referensi,1220,2440,0.900423816137758,0.9004238161377551,2.886579864025407e-15,1.3877787807814457e-17,,0.29832373975860865
PDHG-referensi,1230,2460,0.900423816137758,0.9004238161377554,2.6645352591003757e-15,6.938893903907228e-18,,0.29832373975860865
PDHG-referensi,1240,2480,0.900423816137758,0.9004238161377551,2.886579864025407e-15,1.3877787807814457e-17,,0.29832373975860865
PDHG-referensi,1250,2500,0.900423816137758,0.9004238161377551,2.886579864025407e-15,1.3877787807814457e-17,,0.29832373975860865
PDHG-referensi,1260,2520,0.900423816137758,0.9004238161377551,2.886579864025407e-15,1.3877787807814457e-17,,0.29832373975860865
PDHG-referensi,1270,2540,0.900423816137758,0.9004238161377554,2.6645352591003757e-15,6.938893903907228e-18,,0.29832373975860865
PDHG-referensi,1280,2560,0.900423816137758,0.9004238161377551,2.886579864025407e-15,1.3877787807814457e-17,,0.29832373975860865
PDHG-referensi,1290,2580,0.900423816137758,0.9004238161377551,2.886579864025407e-15,1.3877787807814457e-17,,0.29832373975860865
PDHG-referensi,1300,2600,0.900423816137758,0.9004238161377551,2.886579864025407e-15,1.3877787807814457e-17,,0.29832373975860865
PDHG-referensi,1310,2620,0.900423816137758,0.9004238161377554,2.6645352591003757e-15,6.938893903907228e-18,,0.29832373975860865
PDHG-referensi,1320,2640,0.900423816137758,0.9004238161377551,2.886579864025407e-15,1.3877787807814457e-17,,0.29832373975860865
PDHG-referensi,1330,2660,0.900423816137758,0.9004238161377551,2.886579864025407e-15,1.3877787807814457e-17,,0.29832373975860865
PDHG-referensi,1340,2680,0.900423816137758,0.9004238161377551,2.886579864025407e-15,1.3877787807814457e-17,,0.29832373975860865
PDHG-referensi,1350,2700,0.900423816137758,0.9004238161377554,2.6645352591003757e-15,6.938893903907228e-18,,0.29832373975860865
PDHG-referensi,1360,2720,0.900423816137758,0.9004238161377551,2.886579864025407e-15,1.3877787807814457e-17,,0.29832373975860865
PDHG-referensi,1370,2740,0.900423816137758,0.9004238161377551,2.886579864025407e-15,1.3877787807814457e-17,,0.29832373975860865
PDHG-referensi,1380,2760,0.900423816137758,0.9004238161377551,2.886579864025407e-15,1.3877787807814457e-17,,0.29832373975860865
PDHG-referensi,1390,2780,0.900423816137758,0.9004238161377554,2.6645352591003757e-15,6.938893903907228e-18,,0.29832373975860865
PDHG-referensi,1400,2800,0.900423816137758,0.9004238161377551,2.886579864025407e-15,1.3877787807814457e-17,,0.29832373975860865
PDHG-referensi,1410,2820,0.900423816137758,0.9004238161377551,2.886579864025407e-15,1.3877787807814457e-17,,0.29832373975860865
PDHG-referensi,1420,2840,0.900423816137758,0.9004238161377551,2.886579864025407e-15,1.3877787807814457e-17,,0.29832373975860865
PDHG-referensi,1430,2860,0.900423816137758,0.9004238161377554,2.6645352591003757e-15,6.938893903907228e-18,,0.29832373975860865
PDHG-referensi,1440,2880,0.900423816137758,0.9004238161377551,2.886579864025407e-15,1.3877787807814457e-17,,0.29832373975860865
PDHG-referensi,1450,2900,0.900423816137758,0.9004238161377551,2.886579864025407e-15,1.3877787807814457e-17,,0.29832373975860865
PDHG-referensi,1460,2920,0.900423816137758,0.9004238161377551,2.886579864025407e-15,1.3877787807814457e-17,,0.29832373975860865
PDHG-referensi,1470,2940,0.900423816137758,0.9004238161377554,2.6645352591003757e-15,6.938893903907228e-18,,0.29832373975860865
PDHG-referensi,1480,2960,0.900423816137758,0.9004238161377551,2.886579864025407e-15,1.3877787807814457e-17,,0.29832373975860865
PDHG-referensi,1490,2980,0.900423816137758,0.9004238161377551,2.886579864025407e-15,1.3877787807814457e-17,,0.29832373975860865
PDHG-referensi,1500,3000,0.900423816137758,0.9004238161377551,2.886579864025407e-15,1.3877787807814457e-17,,0.29832373975860865
PDHG-referensi,1510,3020,0.900423816137758,0.9004238161377554,2.6645352591003757e-15,6.938893903907228e-18,,0.29832373975860865
PDHG-referensi,1520,3040,0.900423816137758,0.9004238161377551,2.886579864025407e-15,1.3877787807814457e-17,,0.29832373975860865
PDHG-referensi,1530,3060,0.900423816137758,0.9004238161377551,2.886579864025407e-15,1.3877787807814457e-17,,0.29832373975860865
PDHG-referensi,1540,3080,0.900423816137758,0.9004238161377551,2.886579864025407e-15,1.3877787807814457e-17,,0.29832373975860865
PDHG-referensi,1550,3100,0.900423816137758,0.9004238161377554,2.6645352591003757e-15,6.938893903907228e-18,,0.29832373975860865
PDHG-referensi,1560,3120,0.900423816137758,0.9004238161377551,2.886579864025407e-15,1.3877787807814457e-17,,0.29832373975860865
PDHG-referensi,1570,3140,0.900423816137758,0.9004238161377551,2.886579864025407e-15,1.3877787807814457e-17,,0.29832373975860865
PDHG-referensi,1580,3160,0.900423816137758,0.9004238161377551,2.886579864025407e-15,1.3877787807814457e-17,,0.29832373975860865
PDHG-referensi,1590,3180,0.900423816137758,0.9004238161377554,2.6645352591003757e-15,6.938893903907228e-18,,0.29832373975860865
PDHG-referensi,1600,3200,0.900423816137758,0.9004238161377551,2.886579864025407e-15,1.3877787807814457e-17,,0.29832373975860865
PDHG-referensi,1610,3220,0.900423816137758,0.9004238161377551,2.886579864025407e-15,1.3877787807814457e-17,,0.29832373975860865
PDHG-referensi,1620,3240,0.900423816137758,0.9004238161377551,2.886579864025407e-15,1.3877787807814457e-17,,0.29832373975860865
PDHG-referensi,1630,3260,0.900423816137758,0.9004238161377554,2.6645352591003757e-15,6.938893903907228e-18,,0.29832373975860865
PDHG-referensi,1640,3280,0.900423816137758,0.9004238161377551,2.886579864025407e-15,1.3877787807814457e-17,,0.29832373975860865
PDHG-referensi,1650,3300,0.900423816137758,0.9004238161377551,2.886579864025407e-15,1.3877787807814457e-17,,0.29832373975860865
PDHG-referensi,1660,3320,0.900423816137758,0.9004238161377551,2.886579864025407e-15,1.3877787807814457e-17,,0.29832373975860865
PDHG-referensi,1670,3340,0.900423816137758,0.9004238161377554,2.6645352591003757e-15,6.938893903907228e-18,,0.29832373975860865
PDHG-referensi,1680,3360,0.900423816137758,0.9004238161377551,2.886579864025407e-15,1.3877787807814457e-17,,0.29832373975860865
PDHG-referensi,1690,3380,0.900423816137758,0.9004238161377551,2.886579864025407e-15,1.3877787807814457e-17,,0.29832373975860865
PDHG-referensi,1700,3400,0.900423816137758,0.9004238161377551,2.886579864025407e-15,1.3877787807814457e-17,,0.29832373975860865
PDHG-referensi,1710,3420,0.900423816137758,0.9004238161377554,2.6645352591003757e-15,6.938893903907228e-18,,0.29832373975860865
PDHG-referensi,1720,3440,0.900423816137758,0.9004238161377551,2.886579864025407e-15,1.3877787807814457e-17,,0.29832373975860865
PDHG-referensi,1730,3460,0.900423816137758,0.9004238161377551,2.886579864025407e-15,1.3877787807814457e-17,,0.29832373975860865
PDHG-referensi,1740,3480,0.900423816137758,0.9004238161377551,2.886579864025407e-15,1.3877787807814457e-17,,0.29832373975860865
PDHG-referensi,1750,3500,0.900423816137758,0.9004238161377554,2.6645352591003757e-15,6.938893903907228e-18,,0.29832373975860865
PDHG-referensi,1760,3520,0.900423816137758,0.9004238161377551,2.886579864025407e-15,1.3877787807814457e-17,,0.29832373975860865
PDHG-referensi,1770,3540,0.900423816137758,0.9004238161377551,2.886579864025407e-15,1.3877787807814457e-17,,0.29832373975860865
PDHG-referensi,1780,3560,0.900423816137758,0.9004238161377551,2.886579864025407e-15,1.3877787807814457e-17,,0.29832373975860865
PDHG-referensi,1790,3580,0.900423816137758,0.9004238161377554,2.6645352591003757e-15,6.938893903907228e-18,,0.29832373975860865
PDHG-referensi,1800,3600,0.900423816137758,0.9004238161377551,2.886579864025407e-15,1.3877787807814457e-17,,0.29832373975860865
