relative_path,category,extension,bytes,sha256,git_blob_sha1,api_blob_sha1,api_bytes,api_match
.gitignore,.gitignore,.gitignore,1045,f24477a840737ae9a1439e10ec2c1003279b9569cc0e3661bd145df95fd0343a,72364f99fe4bf8d5262df3b19b33102aeaa791e5,72364f99fe4bf8d5262df3b19b33102aeaa791e5,1045,True
APPM4720_5720_Fall2018_Syllabus.pdf,APPM4720_5720_Fall2018_Syllabus.pdf,.pdf,172789,5833e380b1d2d031635e13a306b99ee2535ea198d4a712ad2852d7c69719c682,2fb9f1caaf9e7be7a86d08786db5dc91b1dc8150,2fb9f1caaf9e7be7a86d08786db5dc91b1dc8150,172789,True
Demos/AD_demos/ADiGator_demo/.gitignore,Demos,.gitignore,13,e4ce45e80119c77154c23b29a4bcf6b293ba3b129c06a13031033c9fb732137e,26fc7d71462a7a45780813534f3908085dd290a6,26fc7d71462a7a45780813534f3908085dd290a6,13,True
Demos/AD_demos/ADiGator_demo/f1_demo.m,Demos,.m,938,7e6bb86075f22e96b58570c4e86241082f8a201ea74a41169c12434972103989,786cacc6942c867f4b5bfd870bdf527ade9cc367,786cacc6942c867f4b5bfd870bdf527ade9cc367,938,True
Demos/AD_demos/ADiGator_demo/f1.m,Demos,.m,173,f747f403517b97ec8116f58a40ae7d89d48a79b077f706a77c5869c22aa0082a,a4c61f1ef07d4c70c207d63d55ac8d4419b6ad40,a4c61f1ef07d4c70c207d63d55ac8d4419b6ad40,173,True
Demos/AD_demos/ADiGator_demo/polydatafit/.DS_Store,Demos,.ds_store,6148,d65165279105ca6773180500688df4bdc69a2c7b771752f0a46ef120b7fd8ec3,5008ddfcf53c02e82d7eee2e57c38e5672ef89f6,5008ddfcf53c02e82d7eee2e57c38e5672ef89f6,6148,True
Demos/AD_demos/ADiGator_demo/polydatafit/Contents.m,Demos,.m,479,b1ca6318b9a6d4218a559ade9383f76a66f72cbc6b9bfeca8e50c3ced67b0532,07180133e41d8a3f6cc76e374a9f2f85dc0e2ac5,07180133e41d8a3f6cc76e374a9f2f85dc0e2ac5,479,True
Demos/AD_demos/ADiGator_demo/polydatafit/fit_ADiGatorJac.m,Demos,.m,3187,e4c523fea4ae2d8fee1b5d57e89e72754cd5607a2c53596616fd063cf2c7ebe1,2eda7de8398a30a13777c59a612045fd5859f5b4,2eda7de8398a30a13777c59a612045fd5859f5b4,3187,True
Demos/AD_demos/ADiGator_demo/polydatafit/fit_ADiGatorJac.mat,Demos,.mat,11368,87a4656b3e2c8048524900b4fc2dd93a9afb409ab1d7582da359c3ae7c147e7e,8f1af6c188707167719b6138989b28a8c1a5b707,8f1af6c188707167719b6138989b28a8c1a5b707,11368,True
Demos/AD_demos/ADiGator_demo/polydatafit/fit_Jac.m,Demos,.m,828,50f00be46dbb8e42316a06a6f17545dcc718dde5a9e0919982b5d1abb9d653df,c9a1877ef0a4ca8a14bf6d241b60a59a30627065,c9a1877ef0a4ca8a14bf6d241b60a59a30627065,828,True
Demos/AD_demos/ADiGator_demo/polydatafit/fit.m,Demos,.m,295,8c325ed179f64ed1faceb5798ab4dd0dd5a97662c3d080e3e0529af6ff7c8d99,bae28c40f4b64c7dde55033ca452df43dea1d4cf,bae28c40f4b64c7dde55033ca452df43dea1d4cf,295,True
Demos/AD_demos/ADiGator_demo/polydatafit/fit4numjac.m,Demos,.m,306,d410009c2af5de19fe7f11c1aa592abcae8feb61120f5e811343ccc67b49020d,b0756278e0165b69dd92eee50f05bd9214da69bc,b0756278e0165b69dd92eee50f05bd9214da69bc,306,True
Demos/AD_demos/ADiGator_demo/polydatafit/main.m,Demos,.m,1143,9395bb3b69bbbdc7c531760d105b4ab0cb75652ae8b1034be4eb5bef2fa2a29a,8b35235148bb1ca37c3d2bd2f6d7366d7e5f4ebd,8b35235148bb1ca37c3d2bd2f6d7366d7e5f4ebd,1143,True
Demos/AD_demos/ForwardDiff.jl/ForwardDiff_demo.ipynb,Demos,.ipynb,41592,2ddee1eb018e9089fcbfee9e6d6ab9c1f50c328721b8131bfafcd5a23ac49afc,fb603003f6826cde56eb004f653ddf28a5673db5,fb603003f6826cde56eb004f653ddf28a5673db5,41592,True
Demos/AD_demos/README.md,Demos,.md,1140,cff7f1168459962556c8ecf9fa394abf3ec10e54d1c802f47bf7ee1e801a0ac1,92fd33cf69a553b1eb0b349ee6f06f65cc4ac8d6,92fd33cf69a553b1eb0b349ee6f06f65cc4ac8d6,1140,True
Demos/AutoDiff_threeReLU_implementations.ipynb,Demos,.ipynb,103031,b8095579d7bf85e38ee130259031d275f6d9797c153abfe7bf30a4994abb07b5,4dd22d31086d2860fc3c6285d73da699251d36e1,4dd22d31086d2860fc3c6285d73da699251d36e1,103031,True
Demos/AutoDiffByHand.ipynb,Demos,.ipynb,18771,36591aad13b76149a43cc7a4c7b60f7cb114acbf4123e85ab9d24a82d682d0fb,92dd889f3b2cc00b3d2cc6b3fb1443aeb212e31c,92dd889f3b2cc00b3d2cc6b3fb1443aeb212e31c,18771,True
Demos/AutomaticDifferentiation.ipynb,Demos,.ipynb,44671,32377657882dd1b80c8cb38f8cf3339aae240ca791c349d658da5e7b09c52956,9e2506f369fba32c862d1124bbd1e750457abfad,9e2506f369fba32c862d1124bbd1e750457abfad,44671,True
Demos/BlockMultiplies/compareSpeed_homegrown_vs_MKL.m,Demos,.m,1443,6f9ce049718ad34e19262a43865c535b439d7e0c8d645c6a92fe771f269deebb,77c3607b5b443a971bfcb5c6736128b89def7e4a,77c3607b5b443a971bfcb5c6736128b89def7e4a,1443,True
Demos/BlockMultiplies/matrixMultiply.m,Demos,.m,1256,73c8693ffb3060f98e99b327ab02788f6f4e65ce510c5b43a48b54d3e7900254,4ee9f108f0f1c3b0c4cdfee4e226544b6f1864e3,4ee9f108f0f1c3b0c4cdfee4e226544b6f1864e3,1256,True
Demos/BlockMultiplies/MatrixMultiplyDemo.html,Demos,.html,165195,a26a9de2a667f25f4a330ac3ce3a97530e536282b0ab34d751b9808d6df53900,c86dbf19a519d4cae99d679afceaaca7610b88b6,c86dbf19a519d4cae99d679afceaaca7610b88b6,165195,True
Demos/BlockMultiplies/MatrixMultiplyDemo.mlx,Demos,.mlx,98396,ae1a317b9fd03964690a601ef113ce5fa5c8198cbee5be4ee0084fab452529c8,b6b93200fd0985a18093d38109c2185e4a97ef11,b6b93200fd0985a18093d38109c2185e4a97ef11,98396,True
Demos/BlockMultiplies/MultiplyMatrices_C.pdf,Demos,.pdf,10691,06ff1b47751e76dc14ccbcfab5ea6baf623b2486d6392201dee6127e5be84df6,ff92ff7db311d8e1826f07c59072e5e85f3b31d9,ff92ff7db311d8e1826f07c59072e5e85f3b31d9,10691,True
Demos/BlockMultiplies/multiplyMatrices.c,Demos,.c,1118,9c66a891791bcb9a63f66a0ba317ee9896d7a41feaaa2c24fa17f313a54264a6,5a81a10a5fa331244a038fc7e7f46cce2548ec65,5a81a10a5fa331244a038fc7e7f46cce2548ec65,1118,True
Demos/BlockMultiplies/multiplyMatrices.mexmaci64,Demos,.mexmaci64,8752,2bbd13e6207e84b909c106476bdf20a0a07187e34bccf7510f2e42e93bc3f323,2c5f1f6ff178b21067e854c4005018ada65facb5,2c5f1f6ff178b21067e854c4005018ada65facb5,8752,True
Demos/BlockMultiplies/README.md,Demos,.md,376,aa5a64f690842f2570a0c0550f51769e05285b1e6c9e68ff93b960231ec8fc8d,392114e14b59c1ff6800eb6840e42a81ed1498de,392114e14b59c1ff6800eb6840e42a81ed1498de,376,True
Demos/ConjugateGradientDemo.ipynb,Demos,.ipynb,12644,55376607d573e240f7b60cdb8b2d5e392a04c04666fbc812a257f7581b7992f0,8dc8be64a3a16fcc264a8f6188b476b676132bee,8dc8be64a3a16fcc264a8f6188b476b676132bee,12644,True
Demos/ConvergenceRateDemo.ipynb,Demos,.ipynb,439684,a68ebfc8eef9a8c8f50007daf6b3dbc07add2c2aedf47a3388dcd517dd2835f1,76ceb6fec119fc7c050df69b65e758f242dea54f,76ceb6fec119fc7c050df69b65e758f242dea54f,439684,True
Demos/CVX_demo/cvx_demo.mlx,Demos,.mlx,6787,eb1b1a2047a24c04ac7a0adb00af9fe33061eb4936cbf35b3b0dba7f9cbd4c67,ea77d02167f40c118757203f813555d148e425f4,ea77d02167f40c118757203f813555d148e425f4,6787,True
Demos/CVX_demo/cvx_demo.pdf,Demos,.pdf,43944,ce83b296d82ca968c8da322cbcf5a63c753c0dc81c758e4663a259969863e1e4,7c390a57d76476b1ddbdada49033c298434b082d,7c390a57d76476b1ddbdada49033c298434b082d,43944,True
Demos/CVX_demo/cvxpy_intro.ipynb,Demos,.ipynb,70560,0fce755872fc33f04bf9a9e53e1c6fa504150b16fc8e34a6f19e9d7938f30ed4,547483ac4990f949c8baf60e470c90c69960fd3b,547483ac4990f949c8baf60e470c90c69960fd3b,70560,True
Demos/CVX_demo/cvxpy_intro.pdf,Demos,.pdf,305360,2645abfc1e4760a028572df0605646dcefb367cb4d420ceb2463d1f09a1168df,2ff7bd2092b2eee43572e58b115f8f26f3259793,2ff7bd2092b2eee43572e58b115f8f26f3259793,305360,True
Demos/CVX_demo/Handout2_cvx_tutorial.pdf,Demos,.pdf,165175,e4ba3e593bcb9529410d16ae02d0d5a51ed7d82341fc91ca5cf1b7054437a716,68b5cbda744269613007cf5d42f2e1e6ee6a1713,68b5cbda744269613007cf5d42f2e1e6ee6a1713,165175,True
Demos/CVX_demo/README.md,Demos,.md,1762,419d18fe3738bc686f91a8854267aee6b876ce96f10cb6d71706e2d3ee0bbbf7,b91413a6768762809fb408b635b6565754e94f40,b91413a6768762809fb408b635b6565754e94f40,1762,True
Demos/CVX_demo/tutorialSolutions.ipynb,Demos,.ipynb,18707,635e4651077bc485c2c13bcf67e2714c8f6bd5a5a32eed2fea4fe6d0f663adc5,222815eb0c8bfffb614a68a92a255e6d38bbc999,222815eb0c8bfffb614a68a92a255e6d38bbc999,18707,True
Demos/CVX_demo/tutorialSolutions.m,Demos,.m,2236,011ac23a8893fa7dc4219c28a14d09bdbfb65b6abb8471db9c62f55b1d1a5ebf,4e2d42d03f9ae9d0f0545c1d426c5730b5ec3363,4e2d42d03f9ae9d0f0545c1d426c5730b5ec3363,2236,True
Demos/CVX_demo/tutorialSolutions.py,Demos,.py,4558,558f3db533561f54cf1f52477ddeaa7ec57a247288acb9323fb2c01cf0adeb11,a350664a7cb7ffab17c9f1fb44dda2e2fe2da4dc,a350664a7cb7ffab17c9f1fb44dda2e2fe2da4dc,4558,True
Demos/nonconvex_example_2D.ipynb,Demos,.ipynb,831238,204c6cd0c769edfebc0076566292fc2177d70932d55f08152dc348393b0cf6ad,38c5b74f1af86ef9f9426b2f4964fe5af1d3239e,38c5b74f1af86ef9f9426b2f4964fe5af1d3239e,831238,True
Demos/RPCA_case_study_solutions.ipynb,Demos,.ipynb,18525,183458320f4157fdcbd69ee6df97ed5e1828ed07cc8be155bf18427976c222fa,a065e3b2931593b683211bc697d849fd5a72a684,a065e3b2931593b683211bc697d849fd5a72a684,18525,True
Demos/RPCA_case_study.ipynb,Demos,.ipynb,7348,d4f45fb8d53c89cf85279f0c23a5bc37b57c9fe220eed397ed17788c2c4d91ec,5f9e7ecf0fe3f527ed5f46717300b8f3600baee9,5f9e7ecf0fe3f527ed5f46717300b8f3600baee9,7348,True
Fall2018_day-by-day_schedule.pdf,Fall2018_day-by-day_schedule.pdf,.pdf,1101690,b3b5bab96c96ffd1370eaf71d231c98b24ddfa113528375ef1eaa99f729dc52d,38d0fce538da3c143e5de9cf8de35a2970651bb2,38d0fce538da3c143e5de9cf8de35a2970651bb2,1101690,True
Handouts/FirmlyNonexpansive.pdf,Handouts,.pdf,139770,62ff132dcc1886bbdc01f0444fd5b359badb6815a6e93a3ac4bd8cf64b25c640,92eb16f1bd4093237c5c4eb2a6759e712fd8afe2,92eb16f1bd4093237c5c4eb2a6759e712fd8afe2,139770,True
Handouts/FixedPtTheorems.pdf,Handouts,.pdf,521141,1fe1658b6e108f1ac6255c01486369f5948ce07ba6b9112cc152c1b740272a25,6e12dfdc5b58d8bb2620b5dec9ab0d98a87c98bb,6e12dfdc5b58d8bb2620b5dec9ab0d98a87c98bb,521141,True
Handouts/README.md,Handouts,.md,626,6f71e30dc0b273db113f76c7413e9fa3daa8839cdb7024c369a3dd0ed0141a5e,ebf72744c836641c8bcbf6ec56fa524cca0147d3,ebf72744c836641c8bcbf6ec56fa524cca0147d3,626,True
Handouts/StrongConvexityLipschitz.pdf,Handouts,.pdf,199735,55d17121371bc3ed294ad41381f310aabf246a88ae83adc708c344f135a4410e,868ef9263554384015366c994e16a4e6e3021401,868ef9263554384015366c994e16a4e6e3021401,199735,True
Handouts/SubgradientDescent.pdf,Handouts,.pdf,236766,be0f98e918cc65676bf839e03f9e31383653b6eba5d642352c160e0738e06331,e5c0d807b5c724dc01c4f5a25f6cee7c7699f8e8,e5c0d807b5c724dc01c4f5a25f6cee7c7699f8e8,236766,True
Handouts/SubOptimalityBounds.pdf,Handouts,.pdf,206875,1fb3a57623afcd154e42e808b4a2a0d6b119a6858ed4540af24b45133efad4bd,034a623b41b89e916fec586bf0674320596e98e6,034a623b41b89e916fec586bf0674320596e98e6,206875,True
Homeworks/APPM5630Spring25Homework01-02.pdf,Homeworks,.pdf,186752,283284c8a36d590e533293754f705acfa850ca2bedd8da096197b6719854bbde,8a5dd5b990f770db124ae433d185553e92f19b58,8a5dd5b990f770db124ae433d185553e92f19b58,186752,True
Homeworks/APPM5630Spring25Homework03-04.pdf,Homeworks,.pdf,346120,c8f515ad622aa1cb37fb84840738c4ec04338ae9ef6cc9f0f4c5acc1764d4183,1fa95eebb7d4f1d9884e7fcba634e5852c311c88,1fa95eebb7d4f1d9884e7fcba634e5852c311c88,346120,True
Homeworks/APPM5630Spring25Homework05-06.pdf,Homeworks,.pdf,689048,3cadf30b6bc5811b24107640b02e4284678d429838ec85e161cda20f7607bcac,4c4662aa0e87e28c58520d39b628852c955e8cde,4c4662aa0e87e28c58520d39b628852c955e8cde,689048,True
Homeworks/APPM5630Spring25Homework07-08.pdf,Homeworks,.pdf,314973,6d1b5994348127aa75d9a56ef5c8a69f66e223916e35cfb0e417f472fe664766,a58ac6a0a7cd55332a681965a6ef2220d012efec,a58ac6a0a7cd55332a681965a6ef2220d012efec,314973,True
Homeworks/APPM5630Spring25Homework09-10.pdf,Homeworks,.pdf,407922,16f0198ca3d4c8c213a503afe5a3213321ca31d56eec99a09c29043b35bc2a85,732cdc64494225e1fdac5b8e733e5bd4f23c5c62,732cdc64494225e1fdac5b8e733e5bd4f23c5c62,407922,True
Homeworks/HW01_helper_polyhedrality.pdf,Homeworks,.pdf,1106884,5498c65b87834e1ec79cf0be370750560bc2cdf6df50544e51e893373d6e1ffa,cbeca5cde23b41cc71d33062b7f85a0040a4bc3f,cbeca5cde23b41cc71d33062b7f85a0040a4bc3f,1106884,True
Homeworks/HW04/APPM5630_HW4_helperFunctions.ipynb,Homeworks,.ipynb,17690,1945e5b9f987fa006e66538f59defdaf996304b981cab464e48403e96ffbe55f,7f91cd51b914f47dacce3bf00cdad67a5a45615a,7f91cd51b914f47dacce3bf00cdad67a5a45615a,17690,True
Homeworks/HW04/implicit2explicit.m,Homeworks,.m,755,1e5f52fe88625a30eb2b99b62ce120f8ade0f50577b16e117ca2967f95ef5bad,79159e256442f367958f05ff3377c1c1acdfb76c,79159e256442f367958f05ff3377c1c1acdfb76c,755,True
Homeworks/HW04/quadraticObjective.m,Homeworks,.m,1055,8bbab6c27568396f48f47682687095a732f9a13cdc294ddcb41181591c818e9e,ef02c29ce269b739009cfaf8a60583c492023e0b,ef02c29ce269b739009cfaf8a60583c492023e0b,1055,True
Homeworks/HW04/test_adjoint.m,Homeworks,.m,844,7218bdf05635df1ed3a88640600e21a097e8a6076c4766962682779ae24121f6,a14084e369bd7b34f5a5a2a789832d79f327b2d8,a14084e369bd7b34f5a5a2a789832d79f327b2d8,844,True
Homeworks/HW10/.gitignore,Homeworks,.gitignore,12,84a8b0f9b1d8d22690709aae9a387bd36f4d28d5a27abf4010c75d18df40c742,b91be0f0ce0cc946375f2ab7c091a2730d111b12,b91be0f0ce0cc946375f2ab7c091a2730d111b12,12,True
Homeworks/HW10/adjointShortTimeDCT.m,Homeworks,.m,1148,c9a5001ea3a55252e12a72e0360f595247263a40a37ec4433d71b8d538541ae4,f643139da76d0a622ff18325bfc17d999ef97f31,f643139da76d0a622ff18325bfc17d999ef97f31,1148,True
Homeworks/HW10/forwardShortTimeDCT.m,Homeworks,.m,1389,467ce270be9b2861a64b780bd07adf819fc837bb8ed8063ca328eeb76d9aedc4,cc309b5d5a1102320bcb73e0c8b835f209634121,cc309b5d5a1102320bcb73e0c8b835f209634121,1389,True
Homeworks/HW10/handel.mat,Homeworks,.mat,139569,73a92150a52020c9a30f7daa0080ce5620674c488ebd8348fcf0704d4fd3dfc5,03f0b85afb3a2d437563d39abb5ac183534bcaa0,03f0b85afb3a2d437563d39abb5ac183534bcaa0,139569,True
Homeworks/HW10/handel.pkl,Homeworks,.pkl,585153,93f943b2f62d3dacecfadccfc771e82fc3ca361cf34f78e59885ad9278e01bd1,8fa0d1d3673d3e862e27f599cb7cfa7d7e9265fd,8fa0d1d3673d3e862e27f599cb7cfa7d7e9265fd,585153,True
Homeworks/HW10/handel2.pkl,Homeworks,.pkl,859296,0bf5d9c8dd9c3a132f0b39ea2f0bc62b705d4d09c68bac08af0042f9e3112b4a,3f3fb01f05e71d0cb4f4dbf07f8c542f199da540,3f3fb01f05e71d0cb4f4dbf07f8c542f199da540,859296,True
Homeworks/HW10/listen_to_Handel.ipynb,Homeworks,.ipynb,1017121,0ecb00a8da41beea491a88c2de196772bc2d3c61ccd645b58ab7b6a4205602a9,7b2cc4cfe97a8e5eb85b7e35daf1d2fb1239f7a6,7b2cc4cfe97a8e5eb85b7e35daf1d2fb1239f7a6,1017121,True
Homeworks/HW10/listen_to_Handel.m,Homeworks,.m,1507,b485f472dcf7e785cba30cc4b0041c875319997afb839e023a8db65a7d4698c7,12e6d57be0f1be965bc5e6991a452b96fbfb9ef0,12e6d57be0f1be965bc5e6991a452b96fbfb9ef0,1507,True
Homeworks/HW10/listen_to_Handel.py,Homeworks,.py,3704,2544450ca0e33af18bfa55dfb00add8119e6949399c87b195ff7888701e21890,c31aaae4c97a017baf76a48cb7e7ec073bcb4f1b,c31aaae4c97a017baf76a48cb7e7ec073bcb4f1b,3704,True
Homeworks/HW10/my_upsample.m,Homeworks,.m,181,71225fe5c29ae0ba29a45d8f6309a7031ae74d79209bc5d370250eb64747cb42,864db42a08641fd1fdfbf48b9698e6a177f77956,864db42a08641fd1fdfbf48b9698e6a177f77956,181,True
Homeworks/HW10/project_l1.m,Homeworks,.m,1327,cd8edd1904e58fcb485386d0f3fa93d5a7b087e1e879667774dabc6624e9ad2a,179068ee864728ed969df49efa00b3e08b6757fe,179068ee864728ed969df49efa00b3e08b6757fe,1327,True
Homeworks/HW10/python_functions.py,Homeworks,.py,4662,ee65f8911974439936ae8ebc421ecbc3a31476a71673a310e4122e3c7760c814,50f0c4cd6b56f6f45c484cd1da928e8b05c66442,50f0c4cd6b56f6f45c484cd1da928e8b05c66442,4662,True
Homeworks/HW10/README.md,Homeworks,.md,254,3ef89778ca06516370b7dd23973001ae5b3cbbcffe4de0717f35c1cedf39f6fd,2aded44c4e6d5b51122633dd30f9c227033e47eb,2aded44c4e6d5b51122633dd30f9c227033e47eb,254,True
Homeworks/HW10/test_python_functions.py,Homeworks,.py,1524,6bcebe63816d0f83823c9b47529887aec4ae3b0097be8378e77c5c4b9acf1ec0,24aee57137279d29c2f672e141f45729d33f9c67,24aee57137279d29c2f672e141f45729d33f9c67,1524,True
Homeworks/ProjectInformation.md,Homeworks,.md,13007,22a0210fbc723223a5c796116c20f13fb07684e103ff8cd9a16cc2b79269f752,ab7f9f720567b89f1f908b8b3157fb1a242eaa99,ab7f9f720567b89f1f908b8b3157fb1a242eaa99,13007,True
Homeworks/ProjectRubric.pdf,Homeworks,.pdf,57856,967d935f280bf1bc3615ef064fd1c3500608497611621f10eff9e82db8c2cf93,bec991ef7ddebdd7726ef0ec83dc36738933afe6,bec991ef7ddebdd7726ef0ec83dc36738933afe6,57856,True
Homeworks/README.md,Homeworks,.md,7278,287960ef2794c6f5786053c5cd913d95455c6a077dc2476a0564d952db43123a,a263eb7ff226733b9ed3c78caf4a2e8630b773fa,a263eb7ff226733b9ed3c78caf4a2e8630b773fa,7278,True
LICENSE,LICENSE,,1071,c026320fa977e084507f66ce2d4de70f3955b39a590f5cdd6e10e690e7a13cac,b0406f4d25b6f885422e48e06a73b638d3c5d39d,b0406f4d25b6f885422e48e06a73b638d3c5d39d,1071,True
Notes/00_IntroToOptProblems.pdf,Notes,.pdf,5385900,8e5599c3c8f466fa71a3ec04ef30bc1d5389293d1eff8f1cc7fd21d0b6428fee,e47836972a059e185208c219bcf901b9f4ca0035,e47836972a059e185208c219bcf901b9f4ca0035,5385900,True
Notes/00a_metaRules.pdf,Notes,.pdf,132506,063c369bc285a4b99466291f33ca468c074f3314197ac5d77c8338b515691e95,a13883360ac8b68170fd48bfd7d9da0880642b85,a13883360ac8b68170fd48bfd7d9da0880642b85,132506,True
Notes/01_TypesOfMinimizers_IntroConvexity.pdf,Notes,.pdf,5518012,03fecbdf869cafbb9b3a4baf78798a5c0709c9c963e3670847b4163de53f7d66,74be52fde5c1fa2256314254a00672ade522f187,74be52fde5c1fa2256314254a00672ade522f187,5518012,True
Notes/02_ConvexSets_part1.pdf,Notes,.pdf,4805144,da32de2a9c132825a941d82ec6f544e59306265776c3e54541967e1a021c600b,4072c16955b8442cc6140a5a23522bb1f24035eb,4072c16955b8442cc6140a5a23522bb1f24035eb,4805144,True
Notes/03_ConvexSets_part2.pdf,Notes,.pdf,4759127,b20cfe888411699f40b33f4ac72558ca821f4b83c1a0ef031ea58fc04ad94942,06a71b8363756e4bf9334728118efa67c6645823,06a71b8363756e4bf9334728118efa67c6645823,4759127,True
Notes/04_SeparatingHyperplanes_Farkas.pdf,Notes,.pdf,3228481,efa509e02026b5eb499e5c589a52714a4a3741503828501c3bfcc34c54f1e24a,946ba690f5791e54bc028a35048a7964e930debb,946ba690f5791e54bc028a35048a7964e930debb,3228481,True
Notes/05_ConvexFunctions_part1.pdf,Notes,.pdf,3143445,9903e838133ccea245344d98dbaacf15db482946b482adbd868c20025c84c63f,344376c18d244752cfc73f8a89f7766f792780b6,344376c18d244752cfc73f8a89f7766f792780b6,3143445,True
Notes/05_ConvexFunctions_part2.pdf,Notes,.pdf,5358765,657f86e21a437c11c9375e16b0649398119b3974512062d2e318e0d3113cc8ac,42d4c7c10e430ccd735dc256c93f364e4a5e10e1,42d4c7c10e430ccd735dc256c93f364e4a5e10e1,5358765,True
Notes/05_ConvexFunctions_part3_LipschitzGradient.pdf,Notes,.pdf,3012569,260d701c27619cc315cb631e7ed3873a9c5a4dde0a216ec753e344016e9641e1,65d81e47ac52dd8b3e8e20f6e3dd2c0b3eb40140,65d81e47ac52dd8b3e8e20f6e3dd2c0b3eb40140,3012569,True
Notes/05_ConvexFunctions_part4_examples.pdf,Notes,.pdf,2887681,0689328fcfdadf3c19ac5f73c0648bda518d624b0e33a136df65630ef74b1620,664e8b4773945fcbc0139d87e5536a84a3e66892,664e8b4773945fcbc0139d87e5536a84a3e66892,2887681,True
Notes/05_ConvexFunctions_part5_preservingConvexity.pdf,Notes,.pdf,3051727,5fc43bf1ef5111cda72db938d5d3a49ba3a478859784796d5163041ddbe0be32,96f201ee15bd32902ebe05f8497d0110ac5b6f1b,96f201ee15bd32902ebe05f8497d0110ac5b6f1b,3051727,True
Notes/06_ConjugateFunctions.pdf,Notes,.pdf,6155749,c62a2a1548760034c1cbfbb39587f32f5d89fe87e07d4797ea1a208de3dd6c5c,75dba4549a9f5334b89d175b066588cf332d66e7,75dba4549a9f5334b89d175b066588cf332d66e7,6155749,True
Notes/07_GradientDescent_intro.pdf,Notes,.pdf,3314173,247c6de2a1a28ecb6910dc2b69fe56bd9cba50b51b2f1ce2b832e09c0082539a,3aad7a3e89a7348ec2aa7f50352187f94fa0b1ce,3aad7a3e89a7348ec2aa7f50352187f94fa0b1ce,3314173,True
Notes/08_ExistenceUniquenessMinimizers.pdf,Notes,.pdf,1287243,827c93d5bde6966f0855e79b7a2ce147f0d93549ecb0df349a3ed874675665c8,069c3e74a742d6311fae5858dee599dda1448547,069c3e74a742d6311fae5858dee599dda1448547,1287243,True
Notes/09_ProximityOperators.pdf,Notes,.pdf,5663764,907b05e601a9089c4d7ef0d018948536286103bcf5a2cb791be346a6ac86b75d,5592565f4b045ff85cf6d5e11f27806675c60912,5592565f4b045ff85cf6d5e11f27806675c60912,5663764,True
Notes/10_OptimizationProblems.pdf,Notes,.pdf,2552963,73db6c78a96a8babb701c0af4fccfe0f625a3c5265221f373783ec6061cf812d,da68dfa20a9054cc9a4554281a7f1cecba9b5de0,da68dfa20a9054cc9a4554281a7f1cecba9b5de0,2552963,True
Notes/11_FirstViewLagrangeMultipliers.pdf,Notes,.pdf,968419,460b9fb87a956281df16db375a4c278e47c9904ec5f8cb44ecb45a0a3bc53105,6c4fe7010585f2e3e49ea458930d4927b91ef132,6c4fe7010585f2e3e49ea458930d4927b91ef132,968419,True
Notes/12_ConicOptimizationProblems.pdf,Notes,.pdf,3405097,7bc8024c702f038a8ccbf8e2773a42ee49754f34a5a603c6799c8a25f3eb8424,aaf4a5049a21c6d30cd21cfb06a973013f8b1a35,aaf4a5049a21c6d30cd21cfb06a973013f8b1a35,3405097,True
Notes/13_moreOnSDPs.pdf,Notes,.pdf,974656,555ad5b1bfb7e55ce1dde28f4e251b1322ccd9dd29338711d691897e0f286fff,8f014c3e65112f5680a0a0b1a354b7f9f49254d7,8f014c3e65112f5680a0a0b1a354b7f9f49254d7,974656,True
Notes/14_LagrangianAndDualProblem.pdf,Notes,.pdf,2239150,7e920df255275a3745fffed7ca352c2131bdbd42faec2f431265a9aabe350116,d47d6a9fe7ab61174ac18f331475ae33caf1093a,d47d6a9fe7ab61174ac18f331475ae33caf1093a,2239150,True
Notes/15_MoreDuality.pdf,Notes,.pdf,2503420,5177c7682779c0927c27106a60b7dc16f1e146974f4552ae6961598cefb62dcf,ca8350ae4fb9ed5701383d273679beb5b312f99e,ca8350ae4fb9ed5701383d273679beb5b312f99e,2503420,True
Notes/16_SaddlePtsSharedLagrangians.pdf,Notes,.pdf,1885265,50b44b4cd12281358029cf03916c48ff0c17898e57dfa03053a19cf9267826ef,747b146bc130c9536a0abbd184c5fec916aeb7c9,747b146bc130c9536a0abbd184c5fec916aeb7c9,1885265,True
Notes/17_GameTheoryConnections.pdf,Notes,.pdf,1693165,31caec1f3ed2d9dc7c92d0bd95a8feb95ea4a001c9ce65ba21841b23e6caaf14,5b4aeb76866041693e06f37559bec0c4c1de4098,5b4aeb76866041693e06f37559bec0c4c1de4098,1693165,True
Notes/18_FenchelRockafellarDuality.pdf,Notes,.pdf,3012289,a4f2dd556259fb64ebc8b8155dba2c36fd328d6475b867941bfae17a3ef1f531,4bf8e63223032bdf4c36b2d7551601a3ad8141bd,4bf8e63223032bdf4c36b2d7551601a3ad8141bd,3012289,True
Notes/19_KKT_and_complementarySlackness.pdf,Notes,.pdf,3118046,a4f342b75ddd390a9b84f70bdf5b947ca2cd88288a59f90c19184734eb288234,bf5d2bf75c9a73c919ff822e1edd57215192bc30,bf5d2bf75c9a73c919ff822e1edd57215192bc30,3118046,True
Notes/22_ProximalGradientDescent_convergenceAnalysis.pdf,Notes,.pdf,2370957,9811d88290cd898656af63925751eb0c9dd38201eb5c845d331be8e38124f483,742694fa085f04b8856656554958b9faecf078fc,742694fa085f04b8856656554958b9faecf078fc,2370957,True
Notes/22a_ProximalGradientDescent_motivation.pdf,Notes,.pdf,2244488,b44ab94fbbcf3890d71ff92eaac1bb82703426ea4754c7945972c2f37c79330b,748efc41e28899d3609fa3a602eadb9efcf479a5,748efc41e28899d3609fa3a602eadb9efcf479a5,2244488,True
Notes/23_NesterovAcceleration_convergenceAnalysis.pdf,Notes,.pdf,1260144,a0ed0bf74952052c250cb7b66547ddb217560358bf7e754cc9111ec1a0a8b551,4a850190cd6e4bc7e27cd0c5d08a5a572f99b42b,4a850190cd6e4bc7e27cd0c5d08a5a572f99b42b,1260144,True
Notes/24_ConvergenceRates.pdf,Notes,.pdf,585099,775db3a5ff6629a313b171c820e9f6de295c427b845b3ed2cd8036cddc5bbd82,a34a1ef2f4cd3f50e1851c93db42b07f68c6ad46,a34a1ef2f4cd3f50e1851c93db42b07f68c6ad46,585099,True
Notes/25_ConjugateGradientMethod.pdf,Notes,.pdf,3909283,7ce48ecbc1656bd60173b0d5f9963653455c413031b5ffa7753498b04577f0b4,e8de9f68eeecb399680e3cabaa31398d4406dd55,e8de9f68eeecb399680e3cabaa31398d4406dd55,3909283,True
Notes/26_QuasiNewtonMethods.pdf,Notes,.pdf,3237686,f48c066dec66a89f285083b3300ddc4e5092c84406705c74576c84328a54ecf5,a8239977316840df3ad078e721393f3426f70969,a8239977316840df3ad078e721393f3426f70969,3237686,True
Notes/28_FindingGradientsByHand.pdf,Notes,.pdf,3039686,3379e166aaf7977c48b4e101efba25e976c32d65e5191b8cd17f287c661df18e,92f1cc627d579131d5eb121f2c3ad272ad24afa8,92f1cc627d579131d5eb121f2c3ad272ad24afa8,3039686,True
Notes/29_AutomaticDifferentiation.pdf,Notes,.pdf,4763099,24d0d9a1391f3a20dc2b48d331de9f54ca1eeb6d479fa6897302ed40e2b94546,e99c76d827f6e7bee5e13ff08b0fc24a6ada605d,e99c76d827f6e7bee5e13ff08b0fc24a6ada605d,4763099,True
Notes/29a_AdjointStateMethod.pdf,Notes,.pdf,7488871,1b8e64a30150390ccccf21a973f5a81d1a6a7423dc6e9a1a5e1b9e5dc0c456cd,04eaee4cf237fc6a8701915b1d1b85169b354984,04eaee4cf237fc6a8701915b1d1b85169b354984,7488871,True
Notes/30_GradientsParameterizedFunctions.pdf,Notes,.pdf,5991306,c3f1d5de2a86cd808314c45c52b94b6448ee884ee5bcc9c92c1474be02083fea,2bb2e013ee715871bd254b602bd65bbcefd2cd56,2bb2e013ee715871bd254b602bd65bbcefd2cd56,5991306,True
Notes/31_NewtonAndIPM.pdf,Notes,.pdf,1742150,31e98cafd450cfe6757d09cd60358d818913195687fb16ad531d6d001d3e1f97,d65e2b8bec6bf6b9cc7174df467863aebccf95f4,d65e2b8bec6bf6b9cc7174df467863aebccf95f4,1742150,True
Notes/32_ADMM_DRS_PrimalDual.pdf,Notes,.pdf,2289643,dd5303b48fe7cefbf96466393324250e7f13d8ee5e408e31eb97094726df4923,515e5766b6b82112d2a381f723c50f2cf4b2da75,515e5766b6b82112d2a381f723c50f2cf4b2da75,2289643,True
Notes/33_LinearPrograms.pdf,Notes,.pdf,8084040,6c48aa1d8d62a5364194a98a66d76a30fbeb281fc6f5da4ab40a6a0ceded249b,b7d30a4e523854e98eac6ccf8a88dd17f8b19d4c,b7d30a4e523854e98eac6ccf8a88dd17f8b19d4c,8084040,True
Notes/34_IntegerLinearPrograms.pdf,Notes,.pdf,4307682,0c122e4125ab205c60002b2ee824b4e74b62955871a7c1194aa33a4dd8c2fcaa,7d00d23d4bb39985b9f35016219b3981906ab7b4,7d00d23d4bb39985b9f35016219b3981906ab7b4,4307682,True
Notes/appendix_notes_01.pdf,Notes,.pdf,2310507,51e51ff8a4e38a233aa5600f268f0f931991d8203d12a0da3cc87e8f73e84475,f79d0bb863bf1ec189c602c20372141d78bc163e,f79d0bb863bf1ec189c602c20372141d78bc163e,2310507,True
Notes/README.md,Notes,.md,164,5e655674619ad615da83036ff80688eb08eb73401b9d2ed1fd48861d7b9ff42c,7e04dd2652571ff4bbe6732cb33d95425e74e2f2,7e04dd2652571ff4bbe6732cb33d95425e74e2f2,164,True
Notes/supplement_convergenceIteratesGradientDescent.pdf,Notes,.pdf,2912005,b4c6b6e7588f415f84a7ea660f8a447eeb6803c5646a45b89c55ded79ff853e4,893a5c6795f950fcf52c4663ec5fd414eaff7547,893a5c6795f950fcf52c4663ec5fd414eaff7547,2912005,True
Notes/supplement_dualityPracticeProblem.pdf,Notes,.pdf,1825121,a74e0341c66ded18ed2b557ee289ca4c8300fb5a424ea0d0411e209f88416df2,19349bac5b9376188bc120d90fc32438fed0cd06,19349bac5b9376188bc120d90fc32438fed0cd06,1825121,True
Notes/supplement_Geometry_Differentiability.pdf,Notes,.pdf,2912006,18cea7adc51308d427e54f85b57ae3fe64e82fc68ae0e6ab087d4b159587221a,3ce4f0b49a9b6561b815364092bd9705fc0aeb87,3ce4f0b49a9b6561b815364092bd9705fc0aeb87,2912006,True
Notes/supplement_LagrangeMultipliersIn2D.pdf,Notes,.pdf,1208402,f8777f6457eb62d7f12ba8d2b12225797da3fc6df9b6ecdfef1a65fd24b07056,34f971e8647fc4d2c123ffe70a3e032bfa03a70a,34f971e8647fc4d2c123ffe70a3e032bfa03a70a,1208402,True
Notes/supplement_Slater_PrimalNotAchieved.pdf,Notes,.pdf,1351369,f97ec6c95e8f088565e29641d7921d0a0e0c0bb9a4f8412b32dbe4b80e56b8ab,636defbb152d3d2eaea79204d73b6dab6efcfa56,636defbb152d3d2eaea79204d73b6dab6efcfa56,1351369,True
Notes/supplement_VariationalInequalities_and_LCP.pdf,Notes,.pdf,2375040,54c3976befc65c40146497447f3aaf43c3f41cd6a338ac9c0b6000ada8addb9d,e0106ed1b50b7f7f65405034b81f6f5c84354487,e0106ed1b50b7f7f65405034b81f6f5c84354487,2375040,True
policies_CU.pdf,policies_CU.pdf,.pdf,114506,56dbbe76ac5d167616498a0c14c615afbf5cfbf3673d2ab7c0f0aa028a8a07a4,0b54571da344feacec70d52b7b2d0c1afaedd6cc,0b54571da344feacec70d52b7b2d0c1afaedd6cc,114506,True
policies.md,policies.md,.md,9140,4a8e5a21cd37cfe95d5bee14112adbea49c225e91982b4d04227b9f557a97723,ecebc293f4ebad90dd8385bb530149dfd8eb4d60,ecebc293f4ebad90dd8385bb530149dfd8eb4d60,9140,True
README.md,README.md,.md,1808,ee308ea012653ff9f3da041e374f70ce83e3b1173e5fabd49a2e5be31b5fbfb1,f3d37bcf292a234d0a534401d4ccd3c4dc796abb,f3d37bcf292a234d0a534401d4ccd3c4dc796abb,1808,True
SlideshowAllPresentations_4720Fall18.pdf,SlideshowAllPresentations_4720Fall18.pdf,.pdf,1995088,7519a2b272a354febde87c0f3cba266d857cacfb3939514203d53833c30b488a,0184a8fa1b0fb5b5ea1cb2942f32a2fe9b483719,0184a8fa1b0fb5b5ea1cb2942f32a2fe9b483719,1995088,True
SlideshowAllPresentations_4720Spr17.pdf,SlideshowAllPresentations_4720Spr17.pdf,.pdf,2705008,11dd4b0f6c2e1212fe4739a1bbe0363214f37085d550788c313115de70a0801d,3922e22bc0b7145837272cb41bfe8ab5a10a11dc,3922e22bc0b7145837272cb41bfe8ab5a10a11dc,2705008,True
SlideshowAllPresentations_5630_Spring21.pdf,SlideshowAllPresentations_5630_Spring21.pdf,.pdf,4259488,26c0a8d7d099d7b51fdc7b82feef4a7881de49f12017a8cf84679b1eb7ca3bc1,495432b2bce85b28c1968d64838e5a69c1d4f332,495432b2bce85b28c1968d64838e5a69c1d4f332,4259488,True
syllabus.md,syllabus.md,.md,35856,a6efc0da39780a8957858652ad5f9f96e608806dd7401ec674253e5351bba611,98bbdbfdb3bc2a1d58abb5044e7c6b8fbd306c8b,98bbdbfdb3bc2a1d58abb5044e7c6b8fbd306c8b,35856,True
TypedNotes/APPM5720Notes.pdf,TypedNotes,.pdf,647897,1b909ea2b0c931e5621696b4ae4e62304c650d9d24ecc1a6245d9d268e9c4a41,1d40bcee8e4862400ba862af6f7faf1468df0ef1,1d40bcee8e4862400ba862af6f7faf1468df0ef1,647897,True
TypedNotes/APPM5720Notes.tex,TypedNotes,.tex,130911,dd2e209a05a6f993ccac3b7c32e464005466b45c93237e96c85da56147466cb8,a13e376974ffdf10a5abde69d67052821024db81,a13e376974ffdf10a5abde69d67052821024db81,130911,True
TypedNotes/lecture_notes_tex/lec_01.tex,TypedNotes,.tex,5889,e97c5a1323c128618c2d9accc040a1dd19391cb89db98cfb33858c52f1b73a82,4e52906208efbd3da4aacaab9aa806b473758290,4e52906208efbd3da4aacaab9aa806b473758290,5889,True
TypedNotes/lecture_notes_tex/lec_02.tex,TypedNotes,.tex,4653,4e104b9b6979bd1ca66cee03889061bcecd8f142832404acde6fb5f188eb5596,6111827d6e7f0abd144ac0bdd0daac46718ce027,6111827d6e7f0abd144ac0bdd0daac46718ce027,4653,True
TypedNotes/lecture_notes_tex/lec_03.tex,TypedNotes,.tex,11006,f71200e82f8612157720d3dddd9bb85a4e0363fde40346744e86eee87b5e6476,df5ceb8a670751248bcda0f603219f7dab2a602f,df5ceb8a670751248bcda0f603219f7dab2a602f,11006,True
TypedNotes/lecture_notes_tex/lec_04.tex,TypedNotes,.tex,8422,146136e13db4dc76e70cf598b2764311368073f96e0d9c150360afd9f458b23a,4224d429e0ada0ea6d9be16a637ae49d1eccad3a,4224d429e0ada0ea6d9be16a637ae49d1eccad3a,8422,True
TypedNotes/lecture_notes_tex/lec_05.tex,TypedNotes,.tex,5302,fae0837f606e189400357e5d231816e445a21bce49de41b67133fe212ab5bb88,64fc6d40336431d7a158d9eba08d19f4d2ead87a,64fc6d40336431d7a158d9eba08d19f4d2ead87a,5302,True
TypedNotes/lecture_notes_tex/lec_06.tex,TypedNotes,.tex,6170,116853138c2d1dac77bb81cd574cf56433e24a50c91195c63ef4e177bf6d3e8f,06e77955fd0f1194e62f69ac46ff23b2ab55a0c9,06e77955fd0f1194e62f69ac46ff23b2ab55a0c9,6170,True
TypedNotes/lecture_notes_tex/lec_07.tex,TypedNotes,.tex,5452,4e17e1da87993abab823ea4a51bb0c7b5787308924223e7579df4f2a14407036,0c6e433c962c09d0c41df079769523b7e3f5e78c,0c6e433c962c09d0c41df079769523b7e3f5e78c,5452,True
TypedNotes/lecture_notes_tex/lec_08.tex,TypedNotes,.tex,3596,165d01a75251997b956e8c3d4421ba5ee84c89a22652999f174d8c85191f7f95,c3e5f65e1dcb14befdd54da37e698364f8176d1c,c3e5f65e1dcb14befdd54da37e698364f8176d1c,3596,True
TypedNotes/lecture_notes_tex/lec_09.tex,TypedNotes,.tex,4456,3f621039f5fa64bdef9d6d7f679e10300bea05ece4f8b98254e72a724d3de007,a4a04e9defa7b6b005ee8148f0a21ea77127af05,a4a04e9defa7b6b005ee8148f0a21ea77127af05,4456,True
TypedNotes/lecture_notes_tex/lec_10.tex,TypedNotes,.tex,4721,30b3a12a86387a9ca3e76de49bb23e2f4a17595ef101b1dc428563315b77c4da,5423155f8e5e011d07b41f178f1e707f7941e5fd,5423155f8e5e011d07b41f178f1e707f7941e5fd,4721,True
TypedNotes/lecture_notes_tex/lec_11.tex,TypedNotes,.tex,5132,3379de59051d7fa1b388804dcce000c18ef2688e23d8a1e6822d10d5ed14aa78,2641cf46223e5560290c86686140ccb93c7ada6e,2641cf46223e5560290c86686140ccb93c7ada6e,5132,True
TypedNotes/lecture_notes_tex/lec_12.tex,TypedNotes,.tex,7591,5ec9b18e86f21c76f5192bceaf179ed538ef01ad18f12cb551e9133eb49da985,d7702a88713a79fed6e71606152db8db078555bd,d7702a88713a79fed6e71606152db8db078555bd,7591,True
TypedNotes/lecture_notes_tex/lec_13.tex,TypedNotes,.tex,6089,4a38ae10fa581f8405c0712959d723e5515b278ee65baba36bbb406990a61f60,0465ec0dde5c6d0fba5c3d2f46e1872efc452f3d,0465ec0dde5c6d0fba5c3d2f46e1872efc452f3d,6089,True
TypedNotes/lecture_notes_tex/lec_14.tex,TypedNotes,.tex,4261,92801f33c303a507965b3a43d83012e5df1806e0fb96d5c93c72a41e74cbaafe,bd6fc5c039cf03e49eb696292f96d8a376036155,bd6fc5c039cf03e49eb696292f96d8a376036155,4261,True
TypedNotes/lecture_notes_tex/lec_15.tex,TypedNotes,.tex,7120,bbb5641debd462d16244a629bea30e62e3a8584e170771671f6ec8570e5e68d4,a51f5ecbdc89aa3654a7bf65288678e59a1b102d,a51f5ecbdc89aa3654a7bf65288678e59a1b102d,7120,True
TypedNotes/lecture_notes_tex/lec_16.tex,TypedNotes,.tex,1869,b414fe00891cfa551cd237d16593d0abe0c8732ef20aff169a82b6a6b323f621,87687b34e2c2f98c2ef0250c739ebfa4e0f3ad80,87687b34e2c2f98c2ef0250c739ebfa4e0f3ad80,1869,True
TypedNotes/lecture_notes_tex/lec_17.tex,TypedNotes,.tex,3285,07cd1eeef7cc4f6be43faf23c4b9af11f091330c21ad16170efc0fa3708816e2,ab3812a4562eee627450f351ea854081990a5413,ab3812a4562eee627450f351ea854081990a5413,3285,True
TypedNotes/lecture_notes_tex/lec_18.tex,TypedNotes,.tex,4019,bcb4c6d0a2431825d2fbc391382265246bb07cc366df281d96306061b8014c77,2d3db4bff5ff630f2a8edd746f8ef6c6c6168516,2d3db4bff5ff630f2a8edd746f8ef6c6c6168516,4019,True
TypedNotes/lecture_notes_tex/lec_19.tex,TypedNotes,.tex,4895,4ca1f6dd14a7d3d33159749ab5b8ae65398d16cd1dc57aa4ecc8ac659f2392bf,7b0a8af3ce20009af15c0ea2ed33191e1dcdd3ab,7b0a8af3ce20009af15c0ea2ed33191e1dcdd3ab,4895,True
TypedNotes/lecture_notes_tex/lec_20.tex,TypedNotes,.tex,3036,0eb6ea8b3276d381d7f87784e5525d5ef07fa6042439e483cf4998b8123da555,8a634332bac41705f087442477671b8963292866,8a634332bac41705f087442477671b8963292866,3036,True
TypedNotes/lecture_notes_tex/lec_21.tex,TypedNotes,.tex,6293,772820a07f210c827dd25676ea304163b7952926d5d1b459d3c6673bc1f0d91e,0a2e5a0780076f75121557fac8e444dc250612fa,0a2e5a0780076f75121557fac8e444dc250612fa,6293,True
TypedNotes/lecture_notes_tex/lec_22.tex,TypedNotes,.tex,5118,2e9af633d8edfe6fee763291bac3b704a102e892448f68fa0dca4883bb291665,357f6e2a69ee590a99dd65fb3ae0865cd958556c,357f6e2a69ee590a99dd65fb3ae0865cd958556c,5118,True
TypedNotes/lecture_notes_tex/lec_23.tex,TypedNotes,.tex,3959,b562a4d46ea356ffb40a49dee563c6fe3e092ee44eef168b5156362868149bc1,767b42624429c6a51c65d3aa7520a29dc13af47d,767b42624429c6a51c65d3aa7520a29dc13af47d,3959,True
TypedNotes/lecture_notes_tex/lec_24.tex,TypedNotes,.tex,4278,7b4131f8d913c4bfdb87398ebb3d961c6e0061d70ab4adf540d01cd4a110581b,4ff488fc70853a04e8238d54d22dfc47158164e0,4ff488fc70853a04e8238d54d22dfc47158164e0,4278,True
TypedNotes/lecture_notes_tex/lec_25.tex,TypedNotes,.tex,3359,022d5a9c6ee5fa886916e8467a35d653c1d347aece64d55ef173b021182d4d60,9e49d3783824cfe3ebfd620b7de5a1f539d67d53,9e49d3783824cfe3ebfd620b7de5a1f539d67d53,3359,True
TypedNotes/lecture_notes_tex/lec_26.tex,TypedNotes,.tex,3630,2e51d2e45327a8a7c0d63c9949027e27e27691550df4a25877cb5b8a4ffeaaf3,1adb6063d1332e1ab158e4144fbe00251c17f7ab,1adb6063d1332e1ab158e4144fbe00251c17f7ab,3630,True
TypedNotes/lecture_notes_tex/lec_27.tex,TypedNotes,.tex,4236,7b19eb0035564a923fe6ce03bc8b25bc4ccb152b79552ca696a7440db4ecc23b,acf0492af69442efd72a0766f603f819aafe1dc9,acf0492af69442efd72a0766f603f819aafe1dc9,4236,True
TypedNotes/lecture_notes_tex/lec_28.tex,TypedNotes,.tex,4390,8e84c7e396bf258e661c62e4f290664921e6bd99058c20f0b09ed60076a5cd58,77e90af8e8dc08007015cde0c18ca25566110af1,77e90af8e8dc08007015cde0c18ca25566110af1,4390,True
TypedNotes/lecture_notes_tex/lec_29.tex,TypedNotes,.tex,2926,0979609270d5738e4caac17b88b7df94c138ead5ff6c8d37f831df4e850ac3fc,a488d2f4e0c574081354ce58db023e6894a3fa8b,a488d2f4e0c574081354ce58db023e6894a3fa8b,2926,True
TypedNotes/lecture_notes_tex/lec_30.tex,TypedNotes,.tex,3895,0987bfe83ab497468f9f961cc264880d9ea8a21f0dbf3b54054cf5930bce68e7,6c0326c24396b655e2ff1bd3e67db0125ac099c0,6c0326c24396b655e2ff1bd3e67db0125ac099c0,3895,True
TypedNotes/lecture_notes_tex/lec_31.tex,TypedNotes,.tex,3924,b6b0e3d0024e7c287117fa1997043b6d8ca49188d7bf58c20d26ac834d238897,4ab667408b8cd51a51724b40df6482c4377662c9,4ab667408b8cd51a51724b40df6482c4377662c9,3924,True
TypedNotes/lecture_notes_tex/lec_32.tex,TypedNotes,.tex,4484,9f5c37e4811c1336496638e027a2847759ede8b9aa58629e570e6c79d5312d00,47d91151b82ecb676373409fd962e99f45569dc4,47d91151b82ecb676373409fd962e99f45569dc4,4484,True
TypedNotes/lecture_notes_tex/lec_33.tex,TypedNotes,.tex,3673,f48506d673e37f89bf3132cedf1e660527f431770cd7e51317e064c8c20be625,96483ef87e18c9e9b30b96ffcaedda1479bcc6c8,96483ef87e18c9e9b30b96ffcaedda1479bcc6c8,3673,True
TypedNotes/lecture_notes_tex/lec_34.tex,TypedNotes,.tex,811,19adfa299f76dcc93f43bf86024552efef66d5bae9ed7117d3e35cb704a3a866,e72adb910362d67be84ae224d37b2c10b463e92c,e72adb910362d67be84ae224d37b2c10b463e92c,811,True
TypedNotes/lecture_notes_tex/lec_35.tex,TypedNotes,.tex,4825,aff5a31e7348b2c45a6fe73aadc68cee89c9520ed890fad82e08d28f0f229401,9877e69c3818b1b2797159223e3b680b6aa6059c,9877e69c3818b1b2797159223e3b680b6aa6059c,4825,True
TypedNotes/lecture_notes_tex/lec_36.tex,TypedNotes,.tex,6073,34a6a382c998f6739244c0b30d8a81d582be1560151b0fe348f27ad339d5d67f,12a100fffa8e1dd145a8c2ac81b118fabb24ec86,12a100fffa8e1dd145a8c2ac81b118fabb24ec86,6073,True
TypedNotes/lecture_notes_tex/lec_37.tex,TypedNotes,.tex,5662,f505315f6bdb13aab3652f779f2bb57d95a74ea23405eb5c1c4e064f8dd4f1f5,821e44545410d385802bb0ecb5409f71c8f82a8d,821e44545410d385802bb0ecb5409f71c8f82a8d,5662,True
TypedNotes/lecture_notes_tex/lec_38.tex,TypedNotes,.tex,4200,9303101309b4620308eb06acb3047a94349fd3a1253a59cd8e0909d811ee80ef,6befe227831c3e4fb87702ee2cf289d819ca7d16,6befe227831c3e4fb87702ee2cf289d819ca7d16,4200,True
TypedNotes/lecture_notes_tex/lec_39.tex,TypedNotes,.tex,2587,c147c1260c5386da31ed0ca161fe246f459085cf516a31d48238b30367388cb6,956f559073b5aa3b58686069eb02c295e2a350dc,956f559073b5aa3b58686069eb02c295e2a350dc,2587,True
TypedNotes/lecture_notes_tex/master.tex,TypedNotes,.tex,823,f0bbe5291ca9c914a184e9d7b0131e5b3cf03f1bae9ab0efd85d09f81616944a,054a3c7d6e1f1dfe6e43a27dae9ed7701cbe8485,054a3c7d6e1f1dfe6e43a27dae9ed7701cbe8485,823,True
TypedNotes/lecture_notes_tex/preamble.tex,TypedNotes,.tex,9463,90811b73784e1f6abda1fec1eeb697c13c60622be1007b5efae93f791bc47d0d,eb6ea353b268825addc7d1db7f80cce81ad52d01,eb6ea353b268825addc7d1db7f80cce81ad52d01,9463,True
TypedNotes/lecture_notes.pdf,TypedNotes,.pdf,1268157,90a4da43396cfb1840ec98d4a13186bbb3af8c4fa7a31a4e47bc986727833d81,b572834104dbf3179f12c5f78f08ede512f8e925,b572834104dbf3179f12c5f78f08ede512f8e925,1268157,True
TypedNotes/notes.sty,TypedNotes,.sty,5636,e56192086a4c85b9aa9e76e32c00776f5ab5fb583e6e9b8ce4348d049100bf35,333827e578e46fc57d71587caeca770150adcf7a,333827e578e46fc57d71587caeca770150adcf7a,5636,True
TypedNotes/README.md,TypedNotes,.md,689,4dac6b1f40c86f26df15694fd548494bd28850895d106bff108e5c75f7cb5d16,094ad1aa5c94e993b64244f30e3e4a2a703ae946,094ad1aa5c94e993b64244f30e3e4a2a703ae946,689,True
utilities/APPM5630_utilities.ipynb,utilities,.ipynb,97645,779a697a16d6e5972720a0856da1612d8922e7c045fd052826f45367db5dd5c9,3d86c40f9b4bdd314901e4678c420b6b55fbecb9,3d86c40f9b4bdd314901e4678c420b6b55fbecb9,97645,True
utilities/firstOrderMethods.py,utilities,.py,34407,90ee97388a2ebf5beada7d8680adbd3a101fa0b5e7aef265be5fd2bdd84d208d,4fca3d9fd8723c215e138929f59e3578e0ae59d0,4fca3d9fd8723c215e138929f59e3578e0ae59d0,34407,True
utilities/fminunc_wrapper_simple.m,utilities,.m,1511,51a598728cf8c670b54649479543b7ba22ee4e34c9317e69d1af78965ce05156,d3a00eb420f465d683460f0b8dc9ac9b7c56e228,d3a00eb420f465d683460f0b8dc9ac9b7c56e228,1511,True
utilities/README.md,utilities,.md,1519,a61d58b08474f7577bb2d91da102d9f333d7003a27fd1b3c7dffeabdb0942866,75b33719380ae8a6a7d716463512d5c7d37dd349,75b33719380ae8a6a7d716463512d5c7d37dd349,1519,True
utilities/secondOrderMethods.py,utilities,.py,5876,b95259cd618c77d88bb2f54b9f9e1bb563fa1985731b6c71d6f2c0f97d26dfc4,c56b1e16c484592a517be79786e1501db1ddf020,c56b1e16c484592a517be79786e1501db1ddf020,5876,True
